protein;position;sequence;score
gag;1;MGARASVLS;4
pol;1;FFREDLAFL;19
vif;1;MENRWQVMI;11
vpr;1;MEQAPEDQG;1
tat;1;MEPVDPRLE;0
rev;1;MAGRSGDSD;6
vpu;1;MQPIPIVAI;16
env;1;MRVKEKYQH;1
nef;1;MGGKWSKSS;1
gag;2;GARASVLSG;12
pol;2;FREDLAFLQ;2
vif;2;ENRWQVMIV;11
vpr;2;EQAPEDQGP;2
tat;2;EPVDPRLEP;2
rev;2;AGRSGDSDE;4
vpu;2;QPIPIVAIV;20
env;2;RVKEKYQHL;16
nef;2;GGKWSKSSV;12
gag;3;ARASVLSGG;9
pol;3;REDLAFLQG;1
vif;3;NRWQVMIVW;1
vpr;3;QAPEDQGPQ;6
tat;3;PVDPRLEPW;7
rev;3;GRSGDSDEE;5
vpu;3;PIPIVAIVA;9
env;3;VKEKYQHLW;2
nef;3;GKWSKSSVI;11
gag;4;RASVLSGGE;6
pol;4;EDLAFLQGK;5
vif;4;RWQVMIVWQ;6
vpr;4;APEDQGPQR;3
tat;4;VDPRLEPWK;3
rev;4;RSGDSDEEL;13
vpu;4;IPIVAIVAL;21
env;4;KEKYQHLWR;0
nef;4;KWSKSSVIG;3
gag;5;ASVLSGGEL;14
pol;5;DLAFLQGKA;17
vif;5;WQVMIVWQV;14
vpr;5;PEDQGPQRE;-1
tat;5;DPRLEPWKH;1
rev;5;SGDSDEELI;10
vpu;5;PIVAIVALV;21
env;5;EKYQHLWRW;2
nef;5;WSKSSVIGW;4
gag;6;SVLSGGELD;10
pol;6;LAFLQGKAR;7
vif;6;QVMIVWQVD;5
vpr;6;EDQGPQREP;2
tat;6;PRLEPWKHP;1
rev;6;GDSDEELIR;3
vpu;6;IVAIVALVV;19
env;6;KYQHLWRWG;2
nef;6;SKSSVIGWP;6
gag;7;VLSGGELDR;16
pol;7;AFLQGKARE;8
vif;7;VMIVWQVDR;13
vpr;7;DQGPQREPH;1
tat;7;RLEPWKHPG;12
rev;7;DSDEELIRT;9
vpu;7;VAIVALVVA;17
env;7;YQHLWRWGW;3
nef;7;KSSVIGWPT;5
gag;8;LSGGELDRW;8
pol;8;FLQGKAREF;16
vif;8;MIVWQVDRM;16
vpr;8;QGPQREPHN;1
tat;8;LEPWKHPGS;5
rev;8;SDEELIRTV;20
vpu;8;AIVALVVAI;26
env;8;QHLWRWGWR;2
nef;8;SSVIGWPTV;17
gag;9;SGGELDRWE;5
pol;9;LQGKAREFS;2
vif;9;IVWQVDRMR;7
vpr;9;GPQREPHNE;2
tat;9;EPWKHPGSQ;0
rev;9;DEELIRTVR;-2
vpu;9;IVALVVAII;22
env;9;HLWRWGWRW;11
nef;9;SVIGWPTVR;10
gag;10;GGELDRWEK;2
pol;10;QGKAREFSS;1
vif;10;VWQVDRMRI;9
vpr;10;PQREPHNEW;3
tat;10;PWKHPGSQP;-3
rev;10;EELIRTVRL;13
vpu;10;VALVVAIII;15
env;10;LWRWGWRWG;4
nef;10;VIGWPTVRE;14
gag;11;GELDRWEKI;14
pol;11;GKAREFSSE;5
vif;11;WQVDRMRIR;1
vpr;11;QREPHNEWT;5
tat;11;WKHPGSQPK;4
rev;11;ELIRTVRLI;21
vpu;11;ALVVAIIIA;20
env;11;WRWGWRWGT;8
nef;11;IGWPTVRER;11
gag;12;ELDRWEKIR;6
pol;12;KAREFSSEQ;10
vif;12;QVDRMRIRT;8
vpr;12;REPHNEWTL;12
tat;12;KHPGSQPKT;10
rev;12;LIRTVRLIK;11
vpu;12;LVVAIIIAI;19
env;12;RWGWRWGTM;6
nef;12;GWPTVRERM;5
gag;13;LDRWEKIRL;12
pol;13;AREFSSEQT;4
vif;13;VDRMRIRTW;7
vpr;13;EPHNEWTLE;-3
tat;13;HPGSQPKTA;5
rev;13;IRTVRLIKL;17
vpu;13;VVAIIIAIV;23
env;13;WGWRWGTML;11
nef;13;WPTVRERMR;-1
gag;14;DRWEKIRLR;7
pol;14;REFSSEQTR;3
vif;14;DRMRIRTWK;0
vpr;14;PHNEWTLEL;15
tat;14;PGSQPKTAC;-1
rev;14;RTVRLIKLL;18
vpu;14;VAIIIAIVV;17
env;14;GWRWGTMLL;15
nef;14;PTVRERMRR;1
gag;15;RWEKIRLRP;0
pol;15;EFSSEQTRA;1
vif;15;RMRIRTWKS;12
vpr;15;HNEWTLELL;13
tat;15;GSQPKTACT;12
rev;15;TVRLIKLLY;5
vpu;15;AIIIAIVVW;18
env;15;WRWGTMLLG;4
nef;15;TVRERMRRA;10
gag;16;WEKIRLRPG;3
pol;16;FSSEQTRAN;6
vif;16;MRIRTWKSL;13
vpr;16;NEWTLELLE;3
tat;16;SQPKTACTN;4
rev;16;VRLIKLLYQ;9
vpu;16;IIIAIVVWS;18
env;16;RWGTMLLGM;10
nef;16;VRERMRRAE;1
gag;17;EKIRLRPGG;2
pol;17;SSEQTRANS;3
vif;17;RIRTWKSLV;18
vpr;17;EWTLELLEE;3
tat;17;QPKTACTNC;-1
rev;17;RLIKLLYQS;18
vpu;17;IIAIVVWSI;26
env;17;WGTMLLGML;14
nef;17;RERMRRAEP;4
gag;18;KIRLRPGGK;10
pol;18;SEQTRANSP;5
vif;18;IRTWKSLVK;3
vpr;18;WTLELLEEL;25
tat;18;PKTACTNCY;-1
rev;18;LIKLLYQSN;12
vpu;18;IAIVVWSIV;18
env;18;GTMLLGMLM;11
nef;18;ERMRRAEPA;2
gag;19;IRLRPGGKK;7
pol;19;EQTRANSPT;0
vif;19;RTWKSLVKH;13
vpr;19;TLELLEELK;10
tat;19;KTACTNCYC;7
rev;19;IKLLYQSNP;5
vpu;19;AIVVWSIVI;18
env;19;TMLLGMLMI;21
nef;19;RMRRAEPAA;14
gag;20;RLRPGGKKK;15
pol;20;QTRANSPTR;7
vif;20;TWKSLVKHH;3
vpr;20;LELLEELKN;7
tat;20;TACTNCYCK;5
rev;20;KLLYQSNPP;13
vpu;20;IVVWSIVII;20
env;20;MLLGMLMIC;18
nef;20;MRRAEPAAD;3
gag;21;LRPGGKKKY;7
pol;21;TRANSPTRR;2
vif;21;WKSLVKHHM;5
vpr;21;ELLEELKNE;14
tat;21;ACTNCYCKK;3
rev;21;LLYQSNPPP;14
vpu;21;VVWSIVIIE;10
env;21;LLGMLMICS;13
nef;21;RRAEPAADR;7
gag;22;RPGGKKKYK;2
pol;22;RANSPTRRE;8
vif;22;KSLVKHHMY;5
vpr;22;LLEELKNEA;21
tat;22;CTNCYCKKC;7
rev;22;LYQSNPPPN;3
vpu;22;VWSIVIIEY;7
env;22;LGMLMICSA;13
nef;22;RAEPAADRV;15
gag;23;PGGKKKYKL;11
pol;23;ANSPTRREL;16
vif;23;SLVKHHMYV;22
vpr;23;LEELKNEAV;13
tat;23;TNCYCKKCC;-2
rev;23;YQSNPPPNP;4
vpu;23;WSIVIIEYR;6
env;23;GMLMICSAT;16
nef;23;AEPAADRVG;2
gag;24;GGKKKYKLK;0
pol;24;NSPTRRELQ;0
vif;24;LVKHHMYVS;6
vpr;24;EELKNEAVR;1
tat;24;NCYCKKCCF;2
rev;24;QSNPPPNPE;5
vpu;24;SIVIIEYRK;11
env;24;MLMICSATE;15
nef;24;EPAADRVGA;6
gag;25;GKKKYKLKH;4
pol;25;SPTRRELQV;12
vif;25;VKHHMYVSG;5
vpr;25;ELKNEAVRH;8
tat;25;CYCKKCCFH;1
rev;25;SNPPPNPEG;8
vpu;25;IVIIEYRKI;18
env;25;LMICSATEK;14
nef;25;PAADRVGAA;13
gag;26;KKKYKLKHI;11
pol;26;PTRRELQVW;5
vif;26;KHHMYVSGK;7
vpr;26;LKNEAVRHF;9
tat;26;YCKKCCFHC;1
rev;26;NPPPNPEGT;7
vpu;26;VIIEYRKIL;23
env;26;MICSATEKL;22
nef;26;AADRVGAAS;9
gag;27;KKYKLKHIV;14
pol;27;TRRELQVWG;5
vif;27;HHMYVSGKA;6
vpr;27;KNEAVRHFP;1
tat;27;CKKCCFHCQ;0
rev;27;PPPNPEGTR;0
vpu;27;IIEYRKILR;8
env;27;ICSATEKLW;1
nef;27;ADRVGAASR;8
gag;28;KYKLKHIVW;1
pol;28;RRELQVWGR;4
vif;28;HMYVSGKAR;9
vpr;28;NEAVRHFPR;2
tat;28;KKCCFHCQV;12
rev;28;PPNPEGTRQ;0
vpu;28;IEYRKILRQ;9
env;28;CSATEKLWV;13
nef;28;DRVGAASRD;1
gag;29;YKLKHIVWA;14
pol;29;RELQVWGRD;2
vif;29;MYVSGKARG;4
vpr;29;EAVRHFPRI;10
tat;29;KCCFHCQVC;0
rev;29;PNPEGTRQA;7
vpu;29;EYRKILRQR;1
env;29;SATEKLWVT;16
nef;29;RVGAASRDL;14
gag;30;KLKHIVWAS;15
pol;30;ELQVWGRDN;7
vif;30;YVSGKARGW;10
vpr;30;AVRHFPRIW;7
tat;30;CCFHCQVCF;3
rev;30;NPEGTRQAR;2
vpu;30;YRKILRQRK;2
env;30;ATEKLWVTV;20
nef;30;VGAASRDLE;3
gag;31;LKHIVWASR;6
pol;31;LQVWGRDNN;4
vif;31;VSGKARGWF;1
vpr;31;VRHFPRIWL;11
tat;31;CFHCQVCFI;12
rev;31;PEGTRQARR;-1
vpu;31;RKILRQRKI;12
env;31;TEKLWVTVY;3
nef;31;GAASRDLEK;10
gag;32;KHIVWASRE;3
pol;32;QVWGRDNNS;8
vif;32;SGKARGWFY;1
vpr;32;RHFPRIWLH;7
tat;32;FHCQVCFIT;5
rev;32;EGTRQARRN;-4
vpu;32;KILRQRKID;10
env;32;EKLWVTVYY;3
nef;32;AASRDLEKH;12
gag;33;HIVWASREL;20
pol;33;VWGRDNNSP;4
vif;33;GKARGWFYR;5
vpr;33;HFPRIWLHG;1
tat;33;HCQVCFITK;2
rev;33;GTRQARRNR;5
vpu;33;ILRQRKIDR;12
env;33;KLWVTVYYG;17
nef;33;ASRDLEKHG;3
gag;34;IVWASRELE;7
pol;34;WGRDNNSPS;1
vif;34;KARGWFYRH;8
vpr;34;FPRIWLHGL;17
tat;34;CQVCFITKA;11
rev;34;TRQARRNRR;1
vpu;34;LRQRKIDRL;17
env;34;LWVTVYYGV;14
nef;34;SRDLEKHGA;8
gag;35;VWASRELER;6
pol;35;GRDNNSPSE;4
vif;35;ARGWFYRHH;3
vpr;35;PRIWLHGLG;0
tat;35;QVCFITKAL;15
rev;35;RQARRNRRR;2
vpu;35;RQRKIDRLI;8
env;35;WVTVYYGVP;4
nef;35;RDLEKHGAI;14
gag;36;WASRELERF;8
pol;36;RDNNSPSEA;7
vif;36;RGWFYRHHY;2
vpr;36;RIWLHGLGQ;11
tat;36;VCFITKALG;4
rev;36;QARRNRRRR;4
vpu;36;QRKIDRLID;0
env;36;VTVYYGVPV;17
nef;36;DLEKHGAIT;14
gag;37;ASRELERFA;9
pol;37;DNNSPSEAG;2
vif;37;GWFYRHHYE;2
vpr;37;IWLHGLGQH;10
tat;37;CFITKALGI;13
rev;37;ARRNRRRRW;2
vpu;37;RKIDRLIDR;7
env;37;TVYYGVPVW;11
nef;37;LEKHGAITS;5
gag;38;SRELERFAV;12
pol;38;NNSPSEAGA;9
vif;38;WFYRHHYES;4
vpr;38;WLHGLGQHI;21
tat;38;FITKALGIS;12
rev;38;RRNRRRRWR;1
vpu;38;KIDRLIDRL;24
env;38;VYYGVPVWK;6
nef;38;EKHGAITSS;5
gag;39;RELERFAVN;6
pol;39;NSPSEAGAD;1
vif;39;FYRHHYESP;3
vpr;39;LHGLGQHIY;5
tat;39;ITKALGISY;8
rev;39;RNRRRRWRE;0
vpu;39;IDRLIDRLI;10
env;39;YYGVPVWKE;9
nef;39;KHGAITSSN;5
gag;40;ELERFAVNP;9
pol;40;SPSEAGADR;6
vif;40;YRHHYESPH;3
vpr;40;HGLGQHIYE;4
tat;40;TKALGISYG;8
rev;40;NRRRRWRER;2
vpu;40;DRLIDRLIE;2
env;40;YGVPVWKEA;9
nef;40;HGAITSSNT;6
gag;41;LERFAVNPG;6
pol;41;PSEAGADRQ;-2
vif;41;RHHYESPHP;0
vpr;41;GLGQHIYET;22
tat;41;KALGISYGR;11
rev;41;RRRRWRERQ;0
vpu;41;RLIDRLIER;19
env;41;GVPVWKEAT;10
nef;41;GAITSSNTA;14
gag;42;ERFAVNPGL;10
pol;42;SEAGADRQG;6
vif;42;HHYESPHPR;4
vpr;42;LGQHIYETY;4
tat;42;ALGISYGRK;12
rev;42;RRRWRERQR;0
vpu;42;LIDRLIERA;19
env;42;VPVWKEATT;10
nef;42;AITSSNTAA;14
gag;43;RFAVNPGLL;12
pol;43;EAGADRQGT;6
vif;43;HYESPHPRI;9
vpr;43;GQHIYETYG;2
tat;43;LGISYGRKK;7
rev;43;RRWRERQRQ;1
vpu;43;IDRLIERAE;3
env;43;PVWKEATTT;8
nef;43;ITSSNTAAT;15
gag;44;FAVNPGLLE;7
pol;44;AGADRQGTV;17
vif;44;YESPHPRIS;4
vpr;44;QHIYETYGD;5
tat;44;GISYGRKKR;11
rev;44;RWRERQRQI;10
vpu;44;DRLIERAED;5
env;44;VWKEATTTL;16
nef;44;TSSNTAATN;4
gag;45;AVNPGLLET;22
pol;45;GADRQGTVS;5
vif;45;ESPHPRISS;0
vpr;45;HIYETYGDT;15
tat;45;ISYGRKKRR;4
rev;45;WRERQRQIH;-1
vpu;45;RLIERAEDS;14
env;45;WKEATTTLF;1
nef;45;SSNTAATNA;7
gag;46;VNPGLLETS;10
pol;46;ADRQGTVSF;10
vif;46;SPHPRISSE;10
vpr;46;IYETYGDTW;4
tat;46;SYGRKKRRQ;3
rev;46;RERQRQIHS;0
vpu;46;LIERAEDSG;11
env;46;KEATTTLFC;6
nef;46;SNTAATNAA;9
gag;47;NPGLLETSE;3
pol;47;DRQGTVSFN;5
vif;47;PHPRISSEV;9
vpr;47;YETYGDTWA;6
tat;47;YGRKKRRQR;3
rev;47;ERQRQIHSI;12
vpu;47;IERAEDSGN;3
env;47;EATTTLFCA;8
nef;47;NTAATNAAC;9
gag;48;PGLLETSEG;3
pol;48;RQGTVSFNF;0
vif;48;HPRISSEVH;0
vpr;48;ETYGDTWAG;7
tat;48;GRKKRRQRR;0
rev;48;RQRQIHSIS;0
vpu;48;ERAEDSGNE;1
env;48;ATTTLFCAS;7
nef;48;TAATNAACA;12
gag;49;GLLETSEGC;16
pol;49;QGTVSFNFP;0
vif;49;PRISSEVHI;9
vpr;49;TYGDTWAGV;14
tat;49;RKKRRQRRR;-1
rev;49;QRQIHSISE;2
vpu;49;RAEDSGNES;7
env;49;TTTLFCASD;8
nef;49;AATNAACAW;6
gag;50;LLETSEGCR;11
pol;50;GTVSFNFPQ;6
vif;50;RISSEVHIP;13
vpr;50;YGDTWAGVE;2
tat;50;KKRRQRRRA;5
rev;50;RQIHSISER;8
vpu;50;AEDSGNESE;6
env;50;TTLFCASDA;9
nef;50;ATNAACAWL;19
gag;51;LETSEGCRQ;1
pol;51;TVSFNFPQV;14
vif;51;ISSEVHIPL;14
vpr;51;GDTWAGVEA;8
tat;51;KRRQRRRAH;2
rev;51;QIHSISERI;16
vpu;51;EDSGNESEG;1
env;51;TLFCASDAK;12
nef;51;TNAACAWLE;2
gag;52;ETSEGCRQI;13
pol;52;VSFNFPQVT;7
vif;52;SSEVHIPLG;6
vpr;52;DTWAGVEAI;19
tat;52;RRQRRRAHQ;2
rev;52;IHSISERIL;12
vpu;52;DSGNESEGE;0
env;52;LFCASDAKA;10
nef;52;NAACAWLEA;13
gag;53;TSEGCRQIL;11
pol;53;SFNFPQVTL;17
vif;53;SEVHIPLGD;4
vpr;53;TWAGVEAII;14
tat;53;RQRRRAHQN;1
rev;53;HSISERILG;2
vpu;53;SGNESEGEI;15
env;53;FCASDAKAY;3
nef;53;AACAWLEAQ;11
gag;54;SEGCRQILG;2
pol;54;FNFPQVTLW;8
vif;54;EVHIPLGDA;10
vpr;54;WAGVEAIIR;4
tat;54;QRRRAHQNS;0
rev;54;SISERILGT;22
vpu;54;GNESEGEIS;0
env;54;CASDAKAYD;7
nef;54;ACAWLEAQE;7
gag;55;EGCRQILGQ;3
pol;55;NFPQVTLWQ;3
vif;55;VHIPLGDAR;7
vpr;55;AGVEAIIRI;16
tat;55;RRRAHQNSQ;3
rev;55;ISERILGTY;7
vpu;55;NESEGEISA;10
env;55;ASDAKAYDT;8
nef;55;CAWLEAQEE;7
gag;56;GCRQILGQL;15
pol;56;FPQVTLWQR;5
vif;56;HIPLGDARL;22
vpr;56;GVEAIIRIL;18
tat;56;RRAHQNSQT;6
rev;56;SERILGTYL;13
vpu;56;ESEGEISAL;13
env;56;SDAKAYDTE;6
nef;56;AWLEAQEEE;8
gag;57;CRQILGQLQ;1
pol;57;PQVTLWQRP;-2
vif;57;IPLGDARLV;16
vpr;57;VEAIIRILQ;3
tat;57;RAHQNSQTH;6
rev;57;ERILGTYLG;4
vpu;57;SEGEISALV;16
env;57;DAKAYDTEV;15
nef;57;WLEAQEEEE;11
gag;58;RQILGQLQP;5
pol;58;QVTLWQRPL;13
vif;58;PLGDARLVI;17
vpr;58;EAIIRILQQ;8
tat;58;AHQNSQTHQ;2
rev;58;RILGTYLGR;14
vpu;58;EGEISALVE;-3
env;58;AKAYDTEVH;5
nef;58;LEAQEEEEV;16
gag;59;QILGQLQPS;16
pol;59;VTLWQRPLV;18
vif;59;LGDARLVIT;12
vpr;59;AIIRILQQL;26
tat;59;HQNSQTHQA;8
rev;59;ILGTYLGRS;17
vpu;59;GEISALVEM;15
env;59;KAYDTEVHN;9
nef;59;EAQEEEEVG;3
gag;60;ILGQLQPSL;26
pol;60;TLWQRPLVT;16
vif;60;GDARLVITT;14
vpr;60;IIRILQQLL;21
tat;60;QNSQTHQAS;1
rev;60;LGTYLGRSA;7
vpu;60;EISALVEMG;10
env;60;AYDTEVHNV;17
nef;60;AQEEEEVGF;6
gag;61;LGQLQPSLQ;2
pol;61;LWQRPLVTI;19
vif;61;DARLVITTY;9
vpr;61;IRILQQLLF;5
tat;61;NSQTHQASL;14
rev;61;GTYLGRSAE;9
vpu;61;ISALVEMGV;15
env;61;YDTEVHNVW;4
nef;61;QEEEEVGFP;5
gag;62;GQLQPSLQT;9
pol;62;WQRPLVTIK;7
vif;62;ARLVITTYW;6
vpr;62;RILQQLLFI;23
tat;62;SQTHQASLS;1
rev;62;TYLGRSAEP;8
vpu;62;SALVEMGVE;8
env;62;DTEVHNVWA;8
nef;62;EEEEVGFPV;8
gag;63;QLQPSLQTG;18
pol;63;QRPLVTIKI;12
vif;63;RLVITTYWG;13
vpr;63;ILQQLLFIH;17
tat;63;QTHQASLSK;7
rev;63;YLGRSAEPV;22
vpu;63;ALVEMGVEM;22
env;63;TEVHNVWAT;9
nef;63;EEEVGFPVT;3
gag;64;LQPSLQTGS;4
pol;64;RPLVTIKIG;5
vif;64;LVITTYWGL;19
vpr;64;LQQLLFIHF;3
tat;64;THQASLSKQ;6
rev;64;LGRSAEPVP;3
vpu;64;LVEMGVEMG;11
env;64;EVHNVWATH;5
nef;64;EEVGFPVTP;4
gag;65;QPSLQTGSE;4
pol;65;PLVTIKIGG;8
vif;65;VITTYWGLH;9
vpr;65;QQLLFIHFQ;8
tat;65;HQASLSKQP;2
rev;65;GRSAEPVPL;13
vpu;65;VEMGVEMGH;5
env;65;VHNVWATHA;6
nef;65;EVGFPVTPQ;5
gag;66;PSLQTGSEE;1
pol;66;LVTIKIGGQ;11
vif;66;ITTYWGLHT;9
vpr;66;QLLFIHFQN;11
tat;66;QASLSKQPT;8
rev;66;RSAEPVPLQ;10
vpu;66;EMGVEMGHH;5
env;66;HNVWATHAC;4
nef;66;VGFPVTPQV;17
gag;67;SLQTGSEEL;26
pol;67;VTIKIGGQL;17
vif;67;TTYWGLHTG;14
vpr;67;LLFIHFQNW;13
tat;67;ASLSKQPTS;8
rev;67;SAEPVPLQL;18
vpu;67;MGVEMGHHA;7
env;67;NVWATHACV;17
nef;67;GFPVTPQVP;1
gag;68;LQTGSEELR;3
pol;68;TIKIGGQLK;9
vif;68;TYWGLHTGE;5
vpr;68;LFIHFQNWV;16
tat;68;SLSKQPTSQ;14
rev;68;AEPVPLQLP;7
vpu;68;GVEMGHHAP;8
env;68;VWATHACVP;3
nef;68;FPVTPQVPL;14
gag;69;QTGSEELRS;5
pol;69;IKIGGQLKE;11
vif;69;YWGLHTGER;6
vpr;69;FIHFQNWVS;8
tat;69;LSKQPTSQP;4
rev;69;EPVPLQLPP;1
vpu;69;VEMGHHAPW;6
env;69;WATHACVPT;9
nef;69;PVTPQVPLR;7
gag;70;TGSEELRSL;18
pol;70;KIGGQLKEA;20
vif;70;WGLHTGERD;2
vpr;70;IHFQNWVST;11
tat;70;SKQPTSQPR;4
rev;70;PVPLQLPPL;16
vpu;70;EMGHHAPWD;6
env;70;ATHACVPTD;13
nef;70;VTPQVPLRP;6
gag;71;GSEELRSLY;3
pol;71;IGGQLKEAL;14
vif;71;GLHTGERDW;13
tat;71;KQPTSQPRG;2
rev;71;VPLQLPPLE;5
vpu;71;MGHHAPWDV;10
env;71;THACVPTDP;2
nef;71;TPQVPLRPM;9
gag;72;SEELRSLYN;2
pol;72;GGQLKEALL;14
vif;72;LHTGERDWH;3
tat;72;QPTSQPRGD;0
rev;72;PLQLPPLER;11
vpu;72;GHHAPWDVD;2
env;72;HACVPTDPN;7
nef;72;PQVPLRPMT;5
gag;73;EELRSLYNT;8
pol;73;GQLKEALLD;4
vif;73;HTGERDWHL;16
tat;73;PTSQPRGDP;2
rev;73;LQLPPLERL;21
vpu;73;HHAPWDVDD;6
env;73;ACVPTDPNP;5
nef;73;QVPLRPMTY;6
gag;74;ELRSLYNTV;21
pol;74;QLKEALLDT;20
vif;74;TGERDWHLG;0
tat;74;TSQPRGDPT;6
rev;74;QLPPLERLT;17
vpu;74;HAPWDVDDL;18
env;74;CVPTDPNPQ;5
nef;74;VPLRPMTYK;4
gag;75;LRSLYNTVA;7
pol;75;LKEALLDTG;8
vif;75;GERDWHLGQ;4
tat;75;SQPRGDPTG;7
rev;75;LPPLERLTL;15
env;75;VPTDPNPQE;3
nef;75;PLRPMTYKA;18
gag;76;RSLYNTVAT;10
pol;76;KEALLDTGA;9
vif;76;ERDWHLGQG;1
tat;76;QPRGDPTGP;3
rev;76;PPLERLTLD;5
env;76;PTDPNPQEV;15
nef;76;LRPMTYKAA;6
gag;77;SLYNTVATL;31
pol;77;EALLDTGAD;6
vif;77;RDWHLGQGV;13
tat;77;PRGDPTGPK;1
rev;77;PLERLTLDC;10
env;77;TDPNPQEVV;11
nef;77;RPMTYKAAV;15
gag;78;LYNTVATLY;3
pol;78;ALLDTGADD;17
vif;78;DWHLGQGVS;1
tat;78;RGDPTGPKE;5
rev;78;LERLTLDCN;6
env;78;DPNPQEVVL;14
nef;78;PMTYKAAVD;6
gag;79;YNTVATLYC;4
pol;79;LLDTGADDT;18
vif;79;WHLGQGVSI;16
rev;79;ERLTLDCNE;0
env;79;PNPQEVVLV;13
nef;79;MTYKAAVDL;17
gag;80;NTVATLYCV;19
pol;80;LDTGADDTV;15
vif;80;HLGQGVSIE;16
rev;80;RLTLDCNED;12
env;80;NPQEVVLVN;7
nef;80;TYKAAVDLS;3
gag;81;TVATLYCVH;7
pol;81;DTGADDTVL;13
vif;81;LGQGVSIEW;6
rev;81;LTLDCNEDC;9
env;81;PQEVVLVNV;12
nef;81;YKAAVDLSH;7
gag;82;VATLYCVHQ;7
pol;82;TGADDTVLE;7
vif;82;GQGVSIEWR;5
rev;82;TLDCNEDCG;10
env;82;QEVVLVNVT;10
nef;82;KAAVDLSHF;11
gag;83;ATLYCVHQR;12
pol;83;GADDTVLEE;13
vif;83;QGVSIEWRK;0
rev;83;LDCNEDCGT;7
env;83;EVVLVNVTE;5
nef;83;AAVDLSHFL;19
gag;84;TLYCVHQRI;19
pol;84;ADDTVLEEM;12
vif;84;GVSIEWRKK;7
rev;84;DCNEDCGTS;4
env;84;VVLVNVTEN;13
nef;84;AVDLSHFLK;6
gag;85;LYCVHQRIE;2
pol;85;DDTVLEEMS;-1
vif;85;VSIEWRKKR;6
rev;85;CNEDCGTSG;2
env;85;VLVNVTENF;13
nef;85;VDLSHFLKE;6
gag;86;YCVHQRIEI;12
pol;86;DTVLEEMSL;15
vif;86;SIEWRKKRY;8
rev;86;NEDCGTSGT;9
env;86;LVNVTENFN;8
nef;86;DLSHFLKEK;15
gag;87;CVHQRIEIK;8
pol;87;TVLEEMSLP;8
vif;87;IEWRKKRYS;4
rev;87;EDCGTSGTQ;1
env;87;VNVTENFNM;5
nef;87;LSHFLKEKG;4
gag;88;VHQRIEIKD;3
pol;88;VLEEMSLPG;13
vif;88;EWRKKRYST;5
rev;88;DCGTSGTQG;-1
env;88;NVTENFNMW;6
nef;88;SHFLKEKGG;4
gag;89;HQRIEIKDT;7
pol;89;LEEMSLPGR;7
vif;89;WRKKRYSTQ;1
rev;89;CGTSGTQGV;14
env;89;VTENFNMWK;5
nef;89;HFLKEKGGL;13
gag;90;QRIEIKDTK;6
pol;90;EEMSLPGRW;-1
vif;90;RKKRYSTQV;10
rev;90;GTSGTQGVG;7
env;90;TENFNMWKN;2
nef;90;FLKEKGGLE;13
gag;91;RIEIKDTKE;10
pol;91;EMSLPGRWK;6
vif;91;KKRYSTQVD;2
rev;91;TSGTQGVGS;3
env;91;ENFNMWKND;-3
nef;91;LKEKGGLEG;6
gag;92;IEIKDTKEA;11
pol;92;MSLPGRWKP;8
vif;92;KRYSTQVDP;4
rev;92;SGTQGVGSP;9
env;92;NFNMWKNDM;6
nef;92;KEKGGLEGL;19
gag;93;EIKDTKEAL;16
pol;93;SLPGRWKPK;13
vif;93;RYSTQVDPE;4
rev;93;GTQGVGSPQ;7
env;93;FNMWKNDMV;13
nef;93;EKGGLEGLI;8
gag;94;IKDTKEALD;5
pol;94;LPGRWKPKM;9
vif;94;YSTQVDPEL;14
rev;94;TQGVGSPQI;11
env;94;NMWKNDMVE;9
nef;94;KGGLEGLIH;2
gag;95;KDTKEALDK;1
pol;95;PGRWKPKMI;5
vif;95;STQVDPELA;10
rev;95;QGVGSPQIL;12
env;95;MWKNDMVEQ;3
nef;95;GGLEGLIHS;11
gag;96;DTKEALDKI;18
pol;96;GRWKPKMIG;3
vif;96;TQVDPELAD;4
rev;96;GVGSPQILV;16
env;96;WKNDMVEQM;10
nef;96;GLEGLIHSQ;20
gag;97;TKEALDKIE;-1
pol;97;RWKPKMIGG;3
vif;97;QVDPELADQ;12
rev;97;VGSPQILVE;8
env;97;KNDMVEQMH;1
nef;97;LEGLIHSQR;2
gag;98;KEALDKIEE;5
pol;98;WKPKMIGGI;13
vif;98;VDPELADQL;14
rev;98;GSPQILVES;9
env;98;NDMVEQMHE;1
nef;98;EGLIHSQRR;-1
gag;99;EALDKIEEE;11
pol;99;KPKMIGGIG;0
vif;99;DPELADQLI;6
rev;99;SPQILVESP;9
env;99;DMVEQMHED;12
nef;99;GLIHSQRRQ;13
gag;100;ALDKIEEEQ;14
pol;100;PKMIGGIGG;1
vif;100;PELADQLIH;0
rev;100;PQILVESPT;3
env;100;MVEQMHEDI;11
nef;100;LIHSQRRQD;10
gag;101;LDKIEEEQN;1
pol;101;KMIGGIGGF;20
vif;101;ELADQLIHL;24
rev;101;QILVESPTV;23
env;101;VEQMHEDII;9
nef;101;IHSQRRQDI;10
gag;102;DKIEEEQNK;3
pol;102;MIGGIGGFI;18
vif;102;LADQLIHLY;12
rev;102;ILVESPTVL;24
env;102;EQMHEDIIS;-2
nef;102;HSQRRQDIL;10
gag;103;KIEEEQNKS;13
pol;103;IGGIGGFIK;4
vif;103;ADQLIHLYY;3
rev;103;LVESPTVLE;10
env;103;QMHEDIISL;26
nef;103;SQRRQDILD;2
gag;104;IEEEQNKSK;4
pol;104;GGIGGFIKV;19
vif;104;DQLIHLYYF;6
rev;104;VESPTVLES;10
env;104;MHEDIISLW;4
nef;104;QRRQDILDL;15
gag;105;EEEQNKSKK;-2
pol;105;GIGGFIKVR;15
vif;105;QLIHLYYFD;14
rev;105;ESPTVLESG;3
env;105;HEDIISLWD;1
nef;105;RRQDILDLW;5
gag;106;EEQNKSKKK;-1
pol;106;IGGFIKVRQ;3
vif;106;LIHLYYFDC;11
rev;106;SPTVLESGT;7
env;106;EDIISLWDQ;3
nef;106;RQDILDLWI;10
gag;107;EQNKSKKKA;3
pol;107;GGFIKVRQY;7
vif;107;IHLYYFDCF;4
rev;107;PTVLESGTK;3
env;107;DIISLWDQS;10
nef;107;QDILDLWIY;6
gag;108;QNKSKKKAQ;0
pol;108;GFIKVRQYD;3
vif;108;HLYYFDCFS;11
rev;108;TVLESGTKE;10
env;108;IISLWDQSL;22
nef;108;DILDLWIYH;11
gag;109;NKSKKKAQQ;3
pol;109;FIKVRQYDQ;9
vif;109;LYYFDCFSD;4
env;109;ISLWDQSLK;4
nef;109;ILDLWIYHT;21
gag;110;KSKKKAQQA;5
pol;110;IKVRQYDQI;10
vif;110;YYFDCFSDS;4
env;110;SLWDQSLKP;17
nef;110;LDLWIYHTQ;7
gag;111;SKKKAQQAA;6
pol;111;KVRQYDQIL;16
vif;111;YFDCFSDSA;9
env;111;LWDQSLKPC;5
nef;111;DLWIYHTQG;11
gag;112;KKKAQQAAA;7
pol;112;VRQYDQILI;8
vif;112;FDCFSDSAI;9
env;112;WDQSLKPCV;12
nef;112;LWIYHTQGY;6
gag;113;KKAQQAAAD;6
pol;113;RQYDQILIE;7
vif;113;DCFSDSAIR;2
env;113;DQSLKPCVK;0
nef;113;WIYHTQGYF;9
gag;114;KAQQAAADT;11
pol;114;QYDQILIEI;14
vif;114;CFSDSAIRK;1
env;114;QSLKPCVKL;17
nef;114;IYHTQGYFP;3
gag;115;AQQAAADTG;4
pol;115;YDQILIEIC;7
vif;115;FSDSAIRKA;11
env;115;SLKPCVKLT;20
nef;115;YHTQGYFPD;3
gag;116;QQAAADTGH;3
pol;116;DQILIEICG;1
vif;116;SDSAIRKAL;12
env;116;LKPCVKLTP;5
gag;117;QAAADTGHS;8
pol;117;QILIEICGH;15
vif;117;DSAIRKALL;13
env;117;KPCVKLTPL;16
gag;118;AAADTGHSN;12
pol;118;ILIEICGHK;16
vif;118;SAIRKALLG;10
env;118;PCVKLTPLC;1
gag;119;AADTGHSNQ;8
pol;119;LIEICGHKA;16
vif;119;AIRKALLGH;16
env;119;CVKLTPLCV;14
gag;120;ADTGHSNQV;14
pol;120;IEICGHKAI;14
vif;120;IRKALLGHI;14
env;120;VKLTPLCVS;8
gag;121;DTGHSNQVS;3
pol;121;EICGHKAIG;9
vif;121;RKALLGHIV;14
env;121;KLTPLCVSL;27
gag;122;TGHSNQVSQ;4
pol;122;ICGHKAIGT;8
vif;122;KALLGHIVS;9
env;122;LTPLCVSLK;10
gag;123;GHSNQVSQN;5
pol;123;CGHKAIGTV;16
vif;123;ALLGHIVSP;24
env;123;TPLCVSLKC;5
gag;124;HSNQVSQNY;1
pol;124;GHKAIGTVL;10
vif;124;LLGHIVSPR;16
env;124;PLCVSLKCT;14
gag;125;SNQVSQNYP;3
pol;125;HKAIGTVLV;18
vif;125;LGHIVSPRC;3
env;125;LCVSLKCTD;5
gag;126;NQVSQNYPI;9
pol;126;KAIGTVLVG;14
vif;126;GHIVSPRCE;3
env;126;CVSLKCTDL;15
gag;127;QVSQNYPIV;15
pol;127;AIGTVLVGP;17
vif;127;HIVSPRCEY;11
env;127;VSLKCTDLK;5
gag;128;VSQNYPIVQ;2
pol;128;IGTVLVGPT;10
vif;128;IVSPRCEYQ;8
env;128;SLKCTDLKN;14
gag;129;SQNYPIVQN;9
pol;129;GTVLVGPTP;8
vif;129;VSPRCEYQA;6
env;129;LKCTDLKND;5
gag;130;QNYPIVQNI;15
pol;130;TVLVGPTPV;18
vif;130;SPRCEYQAG;3
env;130;KCTDLKNDT;7
gag;131;NYPIVQNIQ;1
pol;131;VLVGPTPVN;17
vif;131;PRCEYQAGH;3
env;131;CTDLKNDTN;7
gag;132;YPIVQNIQG;4
pol;132;LVGPTPVNI;18
vif;132;RCEYQAGHN;-2
env;132;TDLKNDTNT;6
gag;133;PIVQNIQGQ;10
pol;133;VGPTPVNII;15
vif;133;CEYQAGHNK;2
env;133;DLKNDTNTN;13
gag;134;IVQNIQGQM;10
pol;134;GPTPVNIIG;2
vif;134;EYQAGHNKV;12
env;134;LKNDTNTNS;4
gag;135;VQNIQGQMV;12
pol;135;PTPVNIIGR;6
vif;135;YQAGHNKVG;5
env;135;KNDTNTNSS;6
gag;136;QNIQGQMVH;4
pol;136;TPVNIIGRN;4
vif;136;QAGHNKVGS;7
env;136;NDTNTNSSS;1
gag;137;NIQGQMVHQ;12
pol;137;PVNIIGRNL;12
vif;137;AGHNKVGSL;19
env;137;DTNTNSSSG;6
gag;138;IQGQMVHQA;11
pol;138;VNIIGRNLL;16
vif;138;GHNKVGSLQ;2
env;138;TNTNSSSGR;0
gag;139;QGQMVHQAI;9
pol;139;NIIGRNLLT;17
vif;139;HNKVGSLQY;2
env;139;NTNSSSGRM;9
gag;140;GQMVHQAIS;4
pol;140;IIGRNLLTQ;17
vif;140;NKVGSLQYL;16
env;140;TNSSSGRMI;8
gag;141;QMVHQAISP;10
pol;141;IGRNLLTQI;15
vif;141;KVGSLQYLA;11
env;141;NSSSGRMIM;6
gag;142;MVHQAISPR;8
pol;142;GRNLLTQIG;5
vif;142;VGSLQYLAL;13
env;142;SSSGRMIME;4
gag;143;VHQAISPRT;6
pol;143;RNLLTQIGC;3
vif;143;GSLQYLALA;14
env;143;SSGRMIMEK;8
gag;144;HQAISPRTL;14
pol;144;NLLTQIGCT;20
vif;144;SLQYLALAA;18
env;144;SGRMIMEKG;4
gag;145;QAISPRTLN;7
pol;145;LLTQIGCTL;23
vif;145;LQYLALAAL;20
env;145;GRMIMEKGE;2
gag;146;AISPRTLNA;19
pol;146;LTQIGCTLN;8
vif;146;QYLALAALI;13
env;146;RMIMEKGEI;20
gag;147;ISPRTLNAW;8
pol;147;TQIGCTLNF;7
vif;147;YLALAALIT;19
env;147;MIMEKGEIK;12
gag;148;SPRTLNAWV;15
pol;148;QIGCTLNFP;13
vif;148;LALAALITP;14
env;148;IMEKGEIKN;13
gag;149;PRTLNAWVK;-4
pol;149;IGCTLNFPI;11
vif;149;ALAALITPK;19
env;149;MEKGEIKNC;4
gag;150;RTLNAWVKV;20
pol;150;GCTLNFPIS;1
vif;150;LAALITPKK;13
env;150;EKGEIKNCS;0
gag;151;TLNAWVKVV;24
pol;151;CTLNFPISP;9
vif;151;AALITPKKI;17
env;151;KGEIKNCSF;3
gag;152;LNAWVKVVE;6
pol;152;TLNFPISPI;23
vif;152;ALITPKKIK;14
env;152;GEIKNCSFN;3
gag;153;NAWVKVVEE;14
pol;153;LNFPISPIE;6
vif;153;LITPKKIKP;14
env;153;EIKNCSFNI;12
gag;154;AWVKVVEEK;8
pol;154;NFPISPIET;6
vif;154;ITPKKIKPP;10
env;154;IKNCSFNIS;4
gag;155;WVKVVEEKA;9
pol;155;FPISPIETV;20
vif;155;TPKKIKPPL;10
env;155;KNCSFNIST;8
gag;156;VKVVEEKAF;1
pol;156;PISPIETVP;7
vif;156;PKKIKPPLP;-2
env;156;NCSFNISTS;5
gag;157;KVVEEKAFS;9
pol;157;ISPIETVPV;16
vif;157;KKIKPPLPS;5
env;157;CSFNISTSI;11
gag;158;VVEEKAFSP;9
pol;158;SPIETVPVK;11
vif;158;KIKPPLPSV;28
env;158;SFNISTSIR;5
gag;159;VEEKAFSPE;0
pol;159;PIETVPVKL;18
vif;159;IKPPLPSVT;9
env;159;FNISTSIRG;3
gag;160;EEKAFSPEV;10
pol;160;IETVPVKLK;5
vif;160;KPPLPSVTK;6
env;160;NISTSIRGK;13
gag;161;EKAFSPEVI;6
pol;161;ETVPVKLKP;6
vif;161;PPLPSVTKL;17
env;161;ISTSIRGKV;13
gag;162;KAFSPEVIP;9
pol;162;TVPVKLKPG;8
vif;162;PLPSVTKLT;12
env;162;STSIRGKVQ;5
gag;163;AFSPEVIPM;12
pol;163;VPVKLKPGM;8
vif;163;LPSVTKLTE;5
env;163;TSIRGKVQK;6
gag;164;FSPEVIPMF;8
pol;164;PVKLKPGMD;1
vif;164;PSVTKLTED;4
env;164;SIRGKVQKE;19
gag;165;SPEVIPMFS;1
pol;165;VKLKPGMDG;4
vif;165;SVTKLTEDR;8
env;165;IRGKVQKEY;3
gag;166;PEVIPMFSA;4
pol;166;KLKPGMDGP;15
vif;166;VTKLTEDRW;4
env;166;RGKVQKEYA;3
gag;167;EVIPMFSAL;16
pol;167;LKPGMDGPK;4
vif;167;TKLTEDRWN;2
env;167;GKVQKEYAF;4
gag;168;VIPMFSALS;12
pol;168;KPGMDGPKV;14
vif;168;KLTEDRWNK;12
env;168;KVQKEYAFF;7
gag;169;IPMFSALSE;5
pol;169;PGMDGPKVK;0
vif;169;LTEDRWNKP;9
env;169;VQKEYAFFY;3
gag;170;PMFSALSEG;12
pol;170;GMDGPKVKQ;16
vif;170;TEDRWNKPQ;-1
env;170;QKEYAFFYK;-2
gag;171;MFSALSEGA;6
pol;171;MDGPKVKQW;6
vif;171;EDRWNKPQK;-2
env;171;KEYAFFYKL;16
gag;172;FSALSEGAT;8
pol;172;DGPKVKQWP;-1
vif;172;DRWNKPQKT;7
env;172;EYAFFYKLD;-2
gag;173;SALSEGATP;12
pol;173;GPKVKQWPL;11
vif;173;RWNKPQKTK;3
env;173;YAFFYKLDI;16
gag;174;ALSEGATPQ;16
pol;174;PKVKQWPLT;2
vif;174;WNKPQKTKG;3
env;174;AFFYKLDII;15
gag;175;LSEGATPQD;6
pol;175;KVKQWPLTE;7
vif;175;NKPQKTKGH;3
env;175;FFYKLDIIP;3
gag;176;SEGATPQDL;12
pol;176;VKQWPLTEE;8
vif;176;KPQKTKGHR;1
env;176;FYKLDIIPI;12
gag;177;EGATPQDLN;0
pol;177;KQWPLTEEK;9
vif;177;PQKTKGHRG;-2
env;177;YKLDIIPID;10
gag;178;GATPQDLNT;11
pol;178;QWPLTEEKI;10
vif;178;QKTKGHRGS;2
env;178;KLDIIPIDN;11
gag;179;ATPQDLNTM;17
pol;179;WPLTEEKIK;1
vif;179;KTKGHRGSH;8
env;179;LDIIPIDND;9
gag;180;TPQDLNTML;12
pol;180;PLTEEKIKA;14
vif;180;TKGHRGSHT;4
env;180;DIIPIDNDT;16
gag;181;PQDLNTMLN;-1
pol;181;LTEEKIKAL;22
vif;181;KGHRGSHTM;10
env;181;IIPIDNDTT;16
gag;182;QDLNTMLNT;7
pol;182;TEEKIKALV;11
vif;182;GHRGSHTMN;3
env;182;IPIDNDTTS;7
gag;183;DLNTMLNTV;27
pol;183;EEKIKALVE;-2
vif;183;HRGSHTMNG;2
env;183;PIDNDTTSY;9
gag;184;LNTMLNTVG;2
pol;184;EKIKALVEI;15
vif;184;RGSHTMNGH;2
env;184;IDNDTTSYK;6
gag;185;NTMLNTVGG;10
pol;185;KIKALVEIC;13
env;185;DNDTTSYKL;12
gag;186;TMLNTVGGH;15
pol;186;IKALVEICT;8
env;186;NDTTSYKLT;2
gag;187;MLNTVGGHQ;11
pol;187;KALVEICTE;13
env;187;DTTSYKLTS;6
gag;188;LNTVGGHQA;8
pol;188;ALVEICTEM;20
env;188;TTSYKLTSC;10
gag;189;NTVGGHQAA;13
pol;189;LVEICTEME;7
env;189;TSYKLTSCN;4
gag;190;TVGGHQAAM;13
pol;190;VEICTEMEK;5
env;190;SYKLTSCNT;5
gag;191;VGGHQAAMQ;3
pol;191;EICTEMEKE;7
env;191;YKLTSCNTS;7
gag;192;GGHQAAMQM;5
pol;192;ICTEMEKEG;4
env;192;KLTSCNTSV;22
gag;193;GHQAAMQML;11
pol;193;CTEMEKEGK;4
env;193;LTSCNTSVI;16
gag;194;HQAAMQMLK;2
pol;194;TEMEKEGKI;14
env;194;TSCNTSVIT;6
gag;195;QAAMQMLKE;9
pol;195;EMEKEGKIS;3
env;195;SCNTSVITQ;9
gag;196;AAMQMLKET;16
pol;196;MEKEGKISK;5
env;196;CNTSVITQA;7
gag;197;AMQMLKETI;21
pol;197;EKEGKISKI;13
env;197;NTSVITQAC;7
gag;198;MQMLKETIN;2
pol;198;KEGKISKIG;0
env;198;TSVITQACP;2
gag;199;QMLKETINE;12
pol;199;EGKISKIGP;-3
env;199;SVITQACPK;8
gag;200;MLKETINEE;18
pol;200;GKISKIGPE;8
env;200;VITQACPKV;21
gag;201;LKETINEEA;7
pol;201;KISKIGPEN;12
env;201;ITQACPKVS;5
gag;202;KETINEEAA;5
pol;202;ISKIGPENP;3
env;202;TQACPKVSF;7
gag;203;ETINEEAAE;6
pol;203;SKIGPENPY;8
env;203;QACPKVSFE;11
gag;204;TINEEAAEW;15
pol;204;KIGPENPYN;12
env;204;ACPKVSFEP;4
gag;205;INEEAAEWD;3
pol;205;IGPENPYNT;9
env;205;CPKVSFEPI;7
gag;206;NEEAAEWDR;-1
pol;206;GPENPYNTP;4
env;206;PKVSFEPIP;-1
gag;207;EEAAEWDRV;9
pol;207;PENPYNTPV;11
env;207;KVSFEPIPI;12
gag;208;EAAEWDRVH;5
pol;208;ENPYNTPVF;-1
env;208;VSFEPIPIH;10
gag;209;AAEWDRVHP;7
pol;209;NPYNTPVFA;7
env;209;SFEPIPIHY;3
gag;210;AEWDRVHPV;19
pol;210;PYNTPVFAI;12
env;210;FEPIPIHYC;7
gag;211;EWDRVHPVH;-2
pol;211;YNTPVFAIK;5
env;211;EPIPIHYCA;6
gag;212;WDRVHPVHA;6
pol;212;NTPVFAIKK;7
env;212;PIPIHYCAP;6
gag;213;DRVHPVHAG;6
pol;213;TPVFAIKKK;4
env;213;IPIHYCAPA;11
gag;214;RVHPVHAGP;9
pol;214;PVFAIKKKD;3
env;214;PIHYCAPAG;6
gag;215;VHPVHAGPI;9
pol;215;VFAIKKKDS;3
env;215;IHYCAPAGF;6
gag;216;HPVHAGPIA;5
pol;216;FAIKKKDST;14
env;216;HYCAPAGFA;5
gag;217;PVHAGPIAP;4
pol;217;AIKKKDSTK;12
env;217;YCAPAGFAI;15
gag;218;VHAGPIAPG;12
pol;218;IKKKDSTKW;3
env;218;CAPAGFAIL;18
gag;219;HAGPIAPGQ;8
pol;219;KKKDSTKWR;2
env;219;APAGFAILK;7
gag;220;AGPIAPGQM;6
pol;220;KKDSTKWRK;1
env;220;PAGFAILKC;7
gag;221;GPIAPGQMR;4
pol;221;KDSTKWRKL;14
env;221;AGFAILKCN;6
gag;222;PIAPGQMRE;11
pol;222;DSTKWRKLV;7
env;222;GFAILKCNN;4
gag;223;IAPGQMREP;10
pol;223;STKWRKLVD;6
env;223;FAILKCNNK;9
gag;224;APGQMREPR;2
pol;224;TKWRKLVDF;8
env;224;AILKCNNKT;19
gag;225;PGQMREPRG;-2
pol;225;KWRKLVDFR;6
env;225;ILKCNNKTF;12
gag;226;GQMREPRGS;3
pol;226;WRKLVDFRE;-1
env;226;LKCNNKTFN;2
gag;227;QMREPRGSD;13
pol;227;RKLVDFREL;14
env;227;KCNNKTFNG;5
gag;228;MREPRGSDI;9
pol;228;KLVDFRELN;13
env;228;CNNKTFNGT;7
gag;229;REPRGSDIA;6
pol;229;LVDFRELNK;6
env;229;NNKTFNGTG;2
gag;230;EPRGSDIAG;0
pol;230;VDFRELNKR;9
env;230;NKTFNGTGP;-1
gag;231;PRGSDIAGT;8
pol;231;DFRELNKRT;5
env;231;KTFNGTGPC;10
gag;232;RGSDIAGTT;7
pol;232;FRELNKRTQ;2
env;232;TFNGTGPCT;8
gag;233;GSDIAGTTS;3
pol;233;RELNKRTQD;3
env;233;FNGTGPCTN;5
gag;234;SDIAGTTST;14
pol;234;ELNKRTQDF;10
env;234;NGTGPCTNV;12
gag;235;DIAGTTSTL;25
pol;235;LNKRTQDFW;1
env;235;GTGPCTNVS;10
gag;236;IAGTTSTLQ;6
pol;236;NKRTQDFWE;0
env;236;TGPCTNVST;8
gag;237;AGTTSTLQE;4
pol;237;KRTQDFWEV;12
env;237;GPCTNVSTV;17
gag;238;GTTSTLQEQ;10
pol;238;RTQDFWEVQ;6
env;238;PCTNVSTVQ;-4
gag;239;TTSTLQEQI;13
pol;239;TQDFWEVQL;11
env;239;CTNVSTVQC;9
gag;240;TSTLQEQIG;-1
pol;240;QDFWEVQLG;5
env;240;TNVSTVQCT;8
gag;241;STLQEQIGW;9
pol;241;DFWEVQLGI;12
env;241;NVSTVQCTH;6
gag;242;TLQEQIGWM;20
pol;242;FWEVQLGIP;4
env;242;VSTVQCTHG;0
gag;243;LQEQIGWMT;5
pol;243;WEVQLGIPH;1
env;243;STVQCTHGI;18
gag;244;QEQIGWMTN;4
pol;244;EVQLGIPHP;8
env;244;TVQCTHGIR;4
gag;245;EQIGWMTNN;1
pol;245;VQLGIPHPA;10
env;245;VQCTHGIRP;1
gag;246;QIGWMTNNP;11
pol;246;QLGIPHPAG;13
env;246;QCTHGIRPV;15
gag;247;IGWMTNNPP;4
pol;247;LGIPHPAGL;19
env;247;CTHGIRPVV;17
gag;248;GWMTNNPPI;11
pol;248;GIPHPAGLK;10
env;248;THGIRPVVS;2
gag;249;WMTNNPPIP;8
pol;249;IPHPAGLKK;7
env;249;HGIRPVVST;15
gag;250;MTNNPPIPV;16
pol;250;PHPAGLKKK;4
env;250;GIRPVVSTQ;17
gag;251;TNNPPIPVG;9
pol;251;HPAGLKKKK;6
env;251;IRPVVSTQL;12
gag;252;NNPPIPVGE;5
pol;252;PAGLKKKKS;3
env;252;RPVVSTQLL;12
gag;253;NPPIPVGEI;15
pol;253;AGLKKKKSV;16
env;253;PVVSTQLLL;12
gag;254;PPIPVGEIY;1
pol;254;GLKKKKSVT;15
env;254;VVSTQLLLN;10
gag;255;PIPVGEIYK;7
pol;255;LKKKKSVTV;16
env;255;VSTQLLLNG;6
gag;256;IPVGEIYKR;11
pol;256;KKKKSVTVL;14
env;256;STQLLLNGS;13
gag;257;PVGEIYKRW;2
pol;257;KKKSVTVLD;4
env;257;TQLLLNGSL;15
gag;258;VGEIYKRWI;9
pol;258;KKSVTVLDV;16
env;258;QLLLNGSLA;16
gag;259;GEIYKRWII;11
pol;259;KSVTVLDVG;5
env;259;LLLNGSLAE;18
gag;260;EIYKRWIIL;16
pol;260;SVTVLDVGD;9
env;260;LLNGSLAEE;23
gag;261;IYKRWIILG;5
pol;261;VTVLDVGDA;13
env;261;LNGSLAEEE;5
gag;262;YKRWIILGL;18
pol;262;TVLDVGDAY;8
env;262;NGSLAEEEV;12
gag;263;KRWIILGLN;6
pol;263;VLDVGDAYF;15
env;263;GSLAEEEVV;13
gag;264;RWIILGLNK;4
pol;264;LDVGDAYFS;5
env;264;SLAEEEVVI;26
gag;265;WIILGLNKI;27
pol;265;DVGDAYFSV;16
env;265;LAEEEVVIR;13
gag;266;IILGLNKIV;24
pol;266;VGDAYFSVP;2
env;266;AEEEVVIRS;7
gag;267;ILGLNKIVR;12
pol;267;GDAYFSVPL;15
env;267;EEEVVIRSV;12
gag;268;LGLNKIVRM;15
pol;268;DAYFSVPLD;8
env;268;EEVVIRSVN;-3
gag;269;GLNKIVRMY;16
pol;269;AYFSVPLDE;4
env;269;EVVIRSVNF;3
gag;270;LNKIVRMYS;1
pol;270;YFSVPLDED;9
env;270;VVIRSVNFT;16
gag;271;NKIVRMYSP;5
pol;271;FSVPLDEDF;4
env;271;VIRSVNFTD;11
gag;272;KIVRMYSPT;13
pol;272;SVPLDEDFR;6
env;272;IRSVNFTDN;2
gag;273;IVRMYSPTS;10
pol;273;VPLDEDFRK;4
env;273;RSVNFTDNA;7
gag;274;VRMYSPTSI;11
pol;274;PLDEDFRKY;11
env;274;SVNFTDNAK;8
gag;275;RMYSPTSIL;22
pol;275;LDEDFRKYT;6
env;275;VNFTDNAKT;10
gag;276;MYSPTSILD;2
pol;276;DEDFRKYTA;5
env;276;NFTDNAKTI;9
gag;277;YSPTSILDI;15
pol;277;EDFRKYTAF;0
env;277;FTDNAKTII;13
gag;278;SPTSILDIR;5
pol;278;DFRKYTAFT;8
env;278;TDNAKTIIV;14
gag;279;PTSILDIRQ;2
pol;279;FRKYTAFTI;9
env;279;DNAKTIIVQ;5
gag;280;TSILDIRQG;6
pol;280;RKYTAFTIP;1
env;280;NAKTIIVQL;19
gag;281;SILDIRQGP;14
pol;281;KYTAFTIPS;3
env;281;AKTIIVQLN;5
gag;282;ILDIRQGPK;12
pol;282;YTAFTIPSI;22
env;282;KTIIVQLNT;12
gag;283;LDIRQGPKE;7
pol;283;TAFTIPSIN;5
env;283;TIIVQLNTS;17
gag;284;DIRQGPKEP;10
pol;284;AFTIPSINN;2
env;284;IIVQLNTSV;23
gag;285;IRQGPKEPF;5
pol;285;FTIPSINNE;14
env;285;IVQLNTSVE;8
gag;286;RQGPKEPFR;4
pol;286;TIPSINNET;15
env;286;VQLNTSVEI;15
gag;287;QGPKEPFRD;0
pol;287;IPSINNETP;4
env;287;QLNTSVEIN;15
gag;288;GPKEPFRDY;3
pol;288;PSINNETPG;-1
env;288;LNTSVEINC;1
gag;289;PKEPFRDYV;9
pol;289;SINNETPGI;23
env;289;NTSVEINCT;13
gag;290;KEPFRDYVD;1
pol;290;INNETPGIR;5
env;290;TSVEINCTR;4
gag;291;EPFRDYVDR;0
pol;291;NNETPGIRY;0
env;291;SVEINCTRP;5
gag;292;PFRDYVDRF;3
pol;292;NETPGIRYQ;7
env;292;VEINCTRPN;5
gag;293;FRDYVDRFY;0
pol;293;ETPGIRYQY;4
env;293;EINCTRPNN;7
gag;294;RDYVDRFYK;1
pol;294;TPGIRYQYN;0
env;294;INCTRPNNN;3
gag;295;DYVDRFYKT;7
pol;295;PGIRYQYNV;11
env;295;NCTRPNNNT;5
gag;296;YVDRFYKTL;18
pol;296;GIRYQYNVL;19
env;296;CTRPNNNTR;9
gag;297;VDRFYKTLR;1
pol;297;IRYQYNVLP;6
env;297;TRPNNNTRK;0
gag;298;DRFYKTLRA;7
pol;298;RYQYNVLPQ;4
env;298;RPNNNTRKR;5
gag;299;RFYKTLRAE;6
pol;299;YQYNVLPQG;8
env;299;PNNNTRKRI;5
gag;300;FYKTLRAEQ;5
pol;300;QYNVLPQGW;3
env;300;NNNTRKRIR;1
gag;301;YKTLRAEQA;5
pol;301;YNVLPQGWK;3
env;301;NNTRKRIRI;8
gag;302;KTLRAEQAS;8
pol;302;NVLPQGWKG;10
env;302;NTRKRIRIQ;8
gag;303;TLRAEQASQ;14
pol;303;VLPQGWKGS;13
env;303;TRKRIRIQR;-1
gag;304;LRAEQASQE;6
pol;304;LPQGWKGSP;6
env;304;RKRIRIQRG;4
gag;305;RAEQASQEV;15
pol;305;PQGWKGSPA;2
env;305;KRIRIQRGP;4
gag;306;AEQASQEVK;2
pol;306;QGWKGSPAI;13
env;306;RIRIQRGPG;8
gag;307;EQASQEVKN;3
pol;307;GWKGSPAIF;4
env;307;IRIQRGPGR;6
gag;308;QASQEVKNW;7
pol;308;WKGSPAIFQ;1
env;308;RIQRGPGRA;14
gag;309;ASQEVKNWM;9
pol;309;KGSPAIFQS;7
env;309;IQRGPGRAF;6
gag;310;SQEVKNWMT;6
pol;310;GSPAIFQSS;3
env;310;QRGPGRAFV;16
gag;311;QEVKNWMTE;2
pol;311;SPAIFQSSM;11
env;311;RGPGRAFVT;6
gag;312;EVKNWMTET;6
pol;312;PAIFQSSMT;6
env;312;GPGRAFVTI;13
gag;313;VKNWMTETL;16
pol;313;AIFQSSMTK;13
env;313;PGRAFVTIG;2
gag;314;KNWMTETLL;12
pol;314;IFQSSMTKI;12
env;314;GRAFVTIGK;5
gag;315;NWMTETLLV;14
pol;315;FQSSMTKIL;12
env;315;RAFVTIGKI;19
gag;316;WMTETLLVQ;14
pol;316;QSSMTKILE;0
env;316;AFVTIGKIG;1
gag;317;MTETLLVQN;10
pol;317;SSMTKILEP;11
env;317;FVTIGKIGN;7
gag;318;TETLLVQNA;8
pol;318;SMTKILEPF;13
env;318;VTIGKIGNM;18
gag;319;ETLLVQNAN;5
pol;319;MTKILEPFR;5
env;319;TIGKIGNMR;9
gag;320;TLLVQNANP;14
pol;320;TKILEPFRK;2
env;320;IGKIGNMRQ;3
gag;321;LLVQNANPD;13
pol;321;KILEPFRKQ;16
env;321;GKIGNMRQA;9
gag;322;LVQNANPDC;7
pol;322;ILEPFRKQN;13
env;322;KIGNMRQAH;10
gag;323;VQNANPDCK;2
pol;323;LEPFRKQNP;1
env;323;IGNMRQAHC;5
gag;324;QNANPDCKT;9
pol;324;EPFRKQNPD;0
env;324;GNMRQAHCN;3
gag;325;NANPDCKTI;16
pol;325;PFRKQNPDI;6
env;325;NMRQAHCNI;16
gag;326;ANPDCKTIL;13
pol;326;FRKQNPDIV;10
env;326;MRQAHCNIS;1
gag;327;NPDCKTILK;3
pol;327;RKQNPDIVI;9
env;327;RQAHCNISR;4
gag;328;PDCKTILKA;8
pol;328;KQNPDIVIY;10
env;328;QAHCNISRA;12
gag;329;DCKTILKAL;12
pol;329;QNPDIVIYQ;5
env;329;AHCNISRAK;3
gag;330;CKTILKALG;2
pol;330;NPDIVIYQY;5
env;330;HCNISRAKW;5
gag;331;KTILKALGP;10
pol;331;PDIVIYQYM;3
env;331;CNISRAKWN;1
gag;332;TILKALGPA;18
pol;332;DIVIYQYMD;9
env;332;NISRAKWNN;8
gag;333;ILKALGPAA;18
pol;333;IVIYQYMDD;7
env;333;ISRAKWNNT;8
gag;334;LKALGPAAT;13
pol;334;VIYQYMDDL;21
env;334;SRAKWNNTL;17
gag;335;KALGPAATL;24
pol;335;IYQYMDDLY;1
env;335;RAKWNNTLK;3
gag;336;ALGPAATLE;14
pol;336;YQYMDDLYV;14
env;336;AKWNNTLKQ;8
gag;337;LGPAATLEE;7
pol;337;QYMDDLYVG;7
env;337;KWNNTLKQI;13
gag;338;GPAATLEEM;13
pol;338;YMDDLYVGS;15
env;338;WNNTLKQIA;6
gag;339;PAATLEEMM;8
pol;339;MDDLYVGSD;7
env;339;NNTLKQIAS;1
gag;340;AATLEEMMT;9
pol;340;DDLYVGSDL;10
env;340;NTLKQIASK;14
gag;341;ATLEEMMTA;16
pol;341;DLYVGSDLE;12
env;341;TLKQIASKL;21
gag;342;TLEEMMTAC;12
pol;342;LYVGSDLEI;15
env;342;LKQIASKLR;1
gag;343;LEEMMTACQ;5
pol;343;YVGSDLEIG;10
env;343;KQIASKLRE;4
gag;344;EEMMTACQG;-2
pol;344;VGSDLEIGQ;4
env;344;QIASKLREQ;17
gag;345;EMMTACQGV;17
pol;345;GSDLEIGQH;5
env;345;IASKLREQF;7
gag;346;MMTACQGVG;7
pol;346;SDLEIGQHR;6
env;346;ASKLREQFG;1
gag;347;MTACQGVGG;9
pol;347;DLEIGQHRT;15
env;347;SKLREQFGN;5
gag;348;TACQGVGGP;11
pol;348;LEIGQHRTK;8
env;348;KLREQFGNN;13
gag;349;ACQGVGGPG;4
pol;349;EIGQHRTKI;15
env;349;LREQFGNNK;3
gag;350;CQGVGGPGH;4
pol;350;IGQHRTKIE;3
env;350;REQFGNNKT;8
gag;351;QGVGGPGHK;4
pol;351;GQHRTKIEE;3
env;351;EQFGNNKTI;9
gag;352;GVGGPGHKA;15
pol;352;QHRTKIEEL;17
env;352;QFGNNKTII;8
gag;353;VGGPGHKAR;5
pol;353;HRTKIEELR;-1
env;353;FGNNKTIIF;5
gag;354;GGPGHKARV;15
pol;354;RTKIEELRQ;4
env;354;GNNKTIIFK;6
gag;355;GPGHKARVL;12
pol;355;TKIEELRQH;8
env;355;NNKTIIFKQ;5
gag;356;PGHKARVLA;3
pol;356;KIEELRQHL;21
env;356;NKTIIFKQS;-2
gag;357;GHKARVLAE;6
pol;357;IEELRQHLL;12
env;357;KTIIFKQSS;10
gag;358;HKARVLAEA;14
pol;358;EELRQHLLR;0
env;358;TIIFKQSSG;12
gag;359;KARVLAEAM;11
pol;359;ELRQHLLRW;12
env;359;IIFKQSSGG;12
gag;360;ARVLAEAMS;4
pol;360;LRQHLLRWG;7
env;360;IFKQSSGGD;2
gag;361;RVLAEAMSQ;8
pol;361;RQHLLRWGL;12
env;361;FKQSSGGDP;1
gag;362;VLAEAMSQV;25
pol;362;QHLLRWGLT;6
env;362;KQSSGGDPE;3
gag;363;LAEAMSQVT;9
pol;363;HLLRWGLTT;19
env;363;QSSGGDPEI;15
gag;364;AEAMSQVTN;8
pol;364;LLRWGLTTP;20
env;364;SSGGDPEIV;14
gag;365;EAMSQVTNS;6
pol;365;LRWGLTTPD;8
env;365;SGGDPEIVT;8
gag;366;AMSQVTNSA;19
pol;366;RWGLTTPDK;3
env;366;GGDPEIVTH;11
gag;367;MSQVTNSAT;5
pol;367;WGLTTPDKK;4
env;367;GDPEIVTHS;7
gag;368;SQVTNSATI;14
pol;368;GLTTPDKKH;12
env;368;DPEIVTHSF;3
gag;369;QVTNSATIM;7
pol;369;LTTPDKKHQ;6
env;369;PEIVTHSFN;-1
gag;370;VTNSATIMM;12
pol;370;TTPDKKHQK;7
env;370;EIVTHSFNC;5
gag;371;TNSATIMMQ;4
pol;371;TPDKKHQKE;3
env;371;IVTHSFNCG;6
gag;372;NSATIMMQR;2
pol;372;PDKKHQKEP;-3
env;372;VTHSFNCGG;7
gag;373;SATIMMQRG;5
pol;373;DKKHQKEPP;-2
env;373;THSFNCGGE;0
gag;374;ATIMMQRGN;9
pol;374;KKHQKEPPF;3
env;374;HSFNCGGEF;3
gag;375;TIMMQRGNF;9
pol;375;KHQKEPPFL;12
env;375;SFNCGGEFF;5
gag;376;IMMQRGNFR;12
pol;376;HQKEPPFLW;2
env;376;FNCGGEFFY;5
gag;377;MMQRGNFRN;10
pol;377;QKEPPFLWM;7
env;377;NCGGEFFYC;2
gag;378;MQRGNFRNQ;2
pol;378;KEPPFLWMG;8
env;378;CGGEFFYCN;4
gag;379;QRGNFRNQR;2
pol;379;EPPFLWMGY;-2
env;379;GGEFFYCNS;0
gag;380;RGNFRNQRK;0
pol;380;PPFLWMGYE;-2
env;380;GEFFYCNST;9
gag;381;GNFRNQRKI;12
pol;381;PFLWMGYEL;12
env;381;EFFYCNSTQ;-1
gag;382;NFRNQRKIV;9
pol;382;FLWMGYELH;14
env;382;FFYCNSTQL;12
gag;383;FRNQRKIVK;2
pol;383;LWMGYELHP;7
env;383;FYCNSTQLF;3
gag;384;RNQRKIVKC;9
pol;384;WMGYELHPD;12
env;384;YCNSTQLFN;4
gag;385;NQRKIVKCF;3
pol;385;MGYELHPDK;5
env;385;CNSTQLFNS;4
gag;386;QRKIVKCFN;-1
pol;386;GYELHPDKW;2
env;386;NSTQLFNST;7
gag;387;RKIVKCFNC;3
pol;387;YELHPDKWT;8
env;387;STQLFNSTW;9
gag;388;KIVKCFNCG;10
pol;388;ELHPDKWTV;21
env;388;TQLFNSTWF;1
gag;389;IVKCFNCGK;7
pol;389;LHPDKWTVQ;4
env;389;QLFNSTWFN;13
gag;390;VKCFNCGKE;2
pol;390;HPDKWTVQP;4
env;390;LFNSTWFNS;3
gag;391;KCFNCGKEG;3
pol;391;PDKWTVQPI;8
env;391;FNSTWFNST;8
gag;392;CFNCGKEGH;4
pol;392;DKWTVQPIV;11
env;392;NSTWFNSTW;2
gag;393;FNCGKEGHT;8
pol;393;KWTVQPIVL;10
env;393;STWFNSTWS;6
gag;394;NCGKEGHTA;7
pol;394;WTVQPIVLP;11
env;394;TWFNSTWST;9
gag;395;CGKEGHTAR;4
pol;395;TVQPIVLPE;11
env;395;WFNSTWSTE;3
gag;396;GKEGHTARN;6
pol;396;VQPIVLPEK;8
env;396;FNSTWSTEG;3
gag;397;KEGHTARNC;1
pol;397;QPIVLPEKD;5
env;397;NSTWSTEGS;2
gag;398;EGHTARNCR;-2
pol;398;PIVLPEKDS;5
env;398;STWSTEGSN;9
gag;399;GHTARNCRA;4
pol;399;IVLPEKDSW;12
env;399;TWSTEGSNN;0
gag;400;HTARNCRAP;7
pol;400;VLPEKDSWT;18
env;400;WSTEGSNNT;8
gag;401;TARNCRAPR;6
pol;401;LPEKDSWTV;13
env;401;STEGSNNTE;10
gag;402;ARNCRAPRK;4
pol;402;PEKDSWTVN;-3
env;402;TEGSNNTEG;2
gag;403;RNCRAPRKK;2
pol;403;EKDSWTVND;1
env;403;EGSNNTEGS;0
gag;404;NCRAPRKKG;2
pol;404;KDSWTVNDI;14
env;404;GSNNTEGSD;4
gag;405;CRAPRKKGC;4
pol;405;DSWTVNDIQ;0
env;405;SNNTEGSDT;7
gag;406;RAPRKKGCW;5
pol;406;SWTVNDIQK;1
env;406;NNTEGSDTI;13
gag;407;APRKKGCWK;3
pol;407;WTVNDIQKL;20
env;407;NTEGSDTIT;9
gag;408;PRKKGCWKC;0
pol;408;TVNDIQKLV;15
env;408;TEGSDTITL;14
gag;409;RKKGCWKCG;0
pol;409;VNDIQKLVG;2
env;409;EGSDTITLP;2
gag;410;KKGCWKCGK;2
pol;410;NDIQKLVGK;10
env;410;GSDTITLPC;4
gag;411;KGCWKCGKE;4
pol;411;DIQKLVGKL;24
env;411;SDTITLPCR;6
gag;412;GCWKCGKEG;3
pol;412;IQKLVGKLN;0
env;412;DTITLPCRI;14
gag;413;CWKCGKEGH;2
pol;413;QKLVGKLNW;5
env;413;TITLPCRIK;8
gag;414;WKCGKEGHQ;3
pol;414;KLVGKLNWA;23
env;414;ITLPCRIKQ;12
gag;415;KCGKEGHQM;6
pol;415;LVGKLNWAS;8
env;415;TLPCRIKQI;21
gag;416;CGKEGHQMK;3
pol;416;VGKLNWASQ;4
env;416;LPCRIKQII;10
gag;417;GKEGHQMKD;4
pol;417;GKLNWASQI;11
env;417;PCRIKQIIN;-2
gag;418;KEGHQMKDC;0
pol;418;KLNWASQIY;12
env;418;CRIKQIINM;10
gag;419;EGHQMKDCT;1
pol;419;LNWASQIYP;3
env;419;RIKQIINMW;12
gag;420;GHQMKDCTE;4
pol;420;NWASQIYPG;7
env;420;IKQIINMWQ;2
gag;421;HQMKDCTER;3
pol;421;WASQIYPGI;14
env;421;KQIINMWQK;3
gag;422;QMKDCTERQ;10
pol;422;ASQIYPGIK;3
env;422;QIINMWQKV;22
gag;423;MKDCTERQA;4
pol;423;SQIYPGIKV;16
env;423;IINMWQKVG;10
gag;424;KDCTERQAN;2
pol;424;QIYPGIKVR;16
env;424;INMWQKVGK;6
gag;425;DCTERQANF;2
pol;425;IYPGIKVRQ;6
env;425;NMWQKVGKA;20
gag;426;CTERQANFL;14
pol;426;YPGIKVRQL;17
env;426;MWQKVGKAM;4
gag;427;TERQANFLG;0
pol;427;PGIKVRQLC;-1
env;427;WQKVGKAMY;3
gag;428;ERQANFLGK;-1
pol;428;GIKVRQLCK;9
env;428;QKVGKAMYA;7
gag;429;RQANFLGKI;17
pol;429;IKVRQLCKL;18
env;429;KVGKAMYAP;7
gag;430;QANFLGKIW;4
pol;430;KVRQLCKLL;15
env;430;VGKAMYAPP;2
gag;431;ANFLGKIWP;5
pol;431;VRQLCKLLR;2
env;431;GKAMYAPPI;13
gag;432;NFLGKIWPS;9
pol;432;RQLCKLLRG;8
env;432;KAMYAPPIS;6
gag;433;FLGKIWPSY;14
pol;433;QLCKLLRGT;20
env;433;AMYAPPISG;14
gag;434;LGKIWPSYK;1
pol;434;LCKLLRGTK;4
env;434;MYAPPISGQ;10
gag;435;GKIWPSYKG;7
pol;435;CKLLRGTKA;8
env;435;YAPPISGQI;16
gag;436;KIWPSYKGR;12
pol;436;KLLRGTKAL;27
env;436;APPISGQIR;2
gag;437;IWPSYKGRP;3
pol;437;LLRGTKALT;20
env;437;PPISGQIRC;1
gag;438;WPSYKGRPG;0
pol;438;LRGTKALTE;6
env;438;PISGQIRCS;11
gag;439;PSYKGRPGN;2
pol;439;RGTKALTEV;15
env;439;ISGQIRCSS;4
gag;440;SYKGRPGNF;3
pol;440;GTKALTEVI;15
env;440;SGQIRCSSN;4
gag;441;YKGRPGNFL;14
pol;441;TKALTEVIP;4
env;441;GQIRCSSNI;11
gag;442;KGRPGNFLQ;5
pol;442;KALTEVIPL;21
env;442;QIRCSSNIT;13
gag;443;GRPGNFLQS;4
pol;443;ALTEVIPLT;22
env;443;IRCSSNITG;4
gag;444;RPGNFLQSR;7
pol;444;LTEVIPLTE;8
env;444;RCSSNITGL;15
gag;445;PGNFLQSRP;-2
pol;445;TEVIPLTEE;7
env;445;CSSNITGLL;12
gag;446;GNFLQSRPE;2
pol;446;EVIPLTEEA;14
env;446;SSNITGLLL;14
gag;447;NFLQSRPEP;5
pol;447;VIPLTEEAE;10
env;447;SNITGLLLT;15
gag;448;FLQSRPEPT;15
pol;448;IPLTEEAEL;18
env;448;NITGLLLTR;17
gag;449;LQSRPEPTA;10
pol;449;PLTEEAELE;8
env;449;ITGLLLTRD;11
gag;450;QSRPEPTAP;3
pol;450;LTEEAELEL;20
env;450;TGLLLTRDG;5
gag;451;SRPEPTAPP;9
pol;451;TEEAELELA;7
env;451;GLLLTRDGG;14
gag;452;RPEPTAPPE;2
pol;452;EEAELELAE;4
env;452;LLLTRDGGN;15
gag;453;PEPTAPPEE;0
pol;453;EAELELAEN;8
env;453;LLTRDGGNS;11
gag;454;EPTAPPEES;-1
pol;454;AELELAENR;7
env;454;LTRDGGNSN;12
gag;455;PTAPPEESF;8
pol;455;ELELAENRE;7
env;455;TRDGGNSNN;4
gag;456;TAPPEESFR;6
pol;456;LELAENREI;14
env;456;RDGGNSNNE;3
gag;457;APPEESFRS;4
pol;457;ELAENREIL;21
env;457;DGGNSNNES;2
gag;458;PPEESFRSG;0
pol;458;LAENREILK;5
env;458;GGNSNNESE;4
gag;459;PEESFRSGV;8
pol;459;AENREILKE;10
env;459;GNSNNESEI;11
gag;460;EESFRSGVE;-4
pol;460;ENREILKEP;4
env;460;NSNNESEIF;1
gag;461;ESFRSGVET;6
pol;461;NREILKEPV;10
env;461;SNNESEIFR;5
gag;462;SFRSGVETT;14
pol;462;REILKEPVH;4
env;462;NNESEIFRP;3
gag;463;FRSGVETTT;9
pol;463;EILKEPVHG;9
env;463;NESEIFRPG;2
gag;464;RSGVETTTP;4
pol;464;ILKEPVHGV;30
env;464;ESEIFRPGG;-1
gag;465;SGVETTTPP;6
pol;465;LKEPVHGVY;3
env;465;SEIFRPGGG;4
gag;466;GVETTTPPQ;7
pol;466;KEPVHGVYY;3
env;466;EIFRPGGGD;8
gag;467;VETTTPPQK;1
pol;467;EPVHGVYYD;4
env;467;IFRPGGGDM;10
gag;468;ETTTPPQKQ;3
pol;468;PVHGVYYDP;4
env;468;FRPGGGDMR;5
gag;469;TTTPPQKQE;5
pol;469;VHGVYYDPS;2
env;469;RPGGGDMRD;4
gag;470;TTPPQKQEP;8
pol;470;HGVYYDPSK;3
env;470;PGGGDMRDN;-1
gag;471;TPPQKQEPI;9
pol;471;GVYYDPSKD;7
env;471;GGGDMRDNW;2
gag;472;PPQKQEPID;-2
pol;472;VYYDPSKDL;13
env;472;GGDMRDNWR;2
gag;473;PQKQEPIDK;-4
pol;473;YYDPSKDLI;12
env;473;GDMRDNWRS;2
gag;474;QKQEPIDKE;9
pol;474;YDPSKDLIA;8
env;474;DMRDNWRSE;10
gag;475;KQEPIDKEL;13
pol;475;DPSKDLIAE;4
env;475;MRDNWRSEL;12
gag;476;QEPIDKELY;0
pol;476;PSKDLIAEI;14
env;476;RDNWRSELY;1
gag;477;EPIDKELYP;2
pol;477;SKDLIAEIQ;2
env;477;DNWRSELYK;1
gag;478;PIDKELYPL;20
pol;478;KDLIAEIQK;3
env;478;NWRSELYKY;7
gag;479;IDKELYPLT;9
pol;479;DLIAEIQKQ;17
env;479;WRSELYKYK;2
gag;480;DKELYPLTS;2
pol;480;LIAEIQKQG;13
env;480;RSELYKYKV;13
gag;481;KELYPLTSL;19
pol;481;IAEIQKQGQ;6
env;481;SELYKYKVV;13
gag;482;ELYPLTSLR;13
pol;482;AEIQKQGQG;5
env;482;ELYKYKVVK;11
gag;483;LYPLTSLRS;3
pol;483;EIQKQGQGQ;6
env;483;LYKYKVVKI;17
gag;484;YPLTSLRSL;20
pol;484;IQKQGQGQW;3
env;484;YKYKVVKIE;6
gag;485;PLTSLRSLF;7
pol;485;QKQGQGQWT;6
env;485;KYKVVKIEP;2
gag;486;LTSLRSLFG;7
pol;486;KQGQGQWTY;5
env;486;YKVVKIEPL;17
gag;487;TSLRSLFGN;7
pol;487;QGQGQWTYQ;2
env;487;KVVKIEPLG;6
gag;488;SLRSLFGND;13
pol;488;GQGQWTYQI;12
env;488;VVKIEPLGV;16
gag;489;LRSLFGNDP;4
pol;489;QGQWTYQIY;0
env;489;VKIEPLGVA;14
gag;490;RSLFGNDPS;3
pol;490;GQWTYQIYQ;3
env;490;KIEPLGVAP;14
gag;491;SLFGNDPSS;18
pol;491;QWTYQIYQE;3
env;491;IEPLGVAPT;14
gag;492;LFGNDPSSQ;4
pol;492;WTYQIYQEP;7
env;492;EPLGVAPTK;4
pol;493;TYQIYQEPF;1
env;493;PLGVAPTKA;13
pol;494;YQIYQEPFK;4
env;494;LGVAPTKAK;5
pol;495;QIYQEPFKN;11
env;495;GVAPTKAKR;13
pol;496;IYQEPFKNL;14
env;496;VAPTKAKRR;5
pol;497;YQEPFKNLK;5
env;497;APTKAKRRV;11
pol;498;QEPFKNLKT;7
env;498;PTKAKRRVV;11
pol;499;EPFKNLKTG;3
env;499;TKAKRRVVQ;4
pol;500;PFKNLKTGK;-2
env;500;KAKRRVVQR;10
pol;501;FKNLKTGKY;7
env;501;AKRRVVQRE;6
pol;502;KNLKTGKYA;6
env;502;KRRVVQREK;3
pol;503;NLKTGKYAR;13
env;503;RRVVQREKR;2
pol;504;LKTGKYARM;10
env;504;RVVQREKRA;7
pol;505;KTGKYARMR;6
env;505;VVQREKRAV;16
pol;506;TGKYARMRG;-2
env;506;VQREKRAVG;6
pol;507;GKYARMRGA;7
env;507;QREKRAVGI;10
pol;508;KYARMRGAH;4
env;508;REKRAVGIG;3
pol;509;YARMRGAHT;12
env;509;EKRAVGIGA;2
pol;510;ARMRGAHTN;8
env;510;KRAVGIGAL;20
pol;511;RMRGAHTND;10
env;511;RAVGIGALF;8
pol;512;MRGAHTNDV;13
env;512;AVGIGALFL;19
pol;513;RGAHTNDVK;2
env;513;VGIGALFLG;9
pol;514;GAHTNDVKQ;9
env;514;GIGALFLGF;12
pol;515;AHTNDVKQL;14
env;515;IGALFLGFL;19
pol;516;HTNDVKQLT;10
env;516;GALFLGFLG;7
pol;517;TNDVKQLTE;4
env;517;ALFLGFLGA;21
pol;518;NDVKQLTEA;10
env;518;LFLGFLGAA;16
pol;519;DVKQLTEAV;16
env;519;FLGFLGAAG;14
pol;520;VKQLTEAVQ;3
env;520;LGFLGAAGS;8
pol;521;KQLTEAVQK;5
env;521;GFLGAAGST;11
pol;522;QLTEAVQKI;25
env;522;FLGAAGSTM;17
pol;523;LTEAVQKIT;8
env;523;LGAAGSTMG;6
pol;524;TEAVQKITT;8
env;524;GAAGSTMGA;16
pol;525;EAVQKITTE;8
env;525;AAGSTMGAA;11
pol;526;AVQKITTES;10
env;526;AGSTMGAAS;5
pol;527;VQKITTESI;12
env;527;GSTMGAASM;10
pol;528;QKITTESIV;12
env;528;STMGAASMT;13
pol;529;KITTESIVI;16
env;529;TMGAASMTL;20
pol;530;ITTESIVIW;13
env;530;MGAASMTLT;6
pol;531;TTESIVIWG;7
env;531;GAASMTLTV;22
pol;532;TESIVIWGK;5
env;532;AASMTLTVQ;10
pol;533;ESIVIWGKT;5
env;533;ASMTLTVQA;12
pol;534;SIVIWGKTP;11
env;534;SMTLTVQAR;14
pol;535;IVIWGKTPK;10
env;535;MTLTVQARQ;8
pol;536;VIWGKTPKF;18
env;536;TLTVQARQL;19
pol;537;IWGKTPKFK;1
env;537;LTVQARQLL;16
pol;538;WGKTPKFKL;12
env;538;TVQARQLLS;5
pol;539;GKTPKFKLP;2
env;539;VQARQLLSG;10
pol;540;KTPKFKLPI;15
env;540;QARQLLSGI;18
pol;541;TPKFKLPIQ;4
env;541;ARQLLSGIV;13
pol;542;PKFKLPIQK;-1
env;542;RQLLSGIVQ;2
pol;543;KFKLPIQKE;7
env;543;QLLSGIVQQ;20
pol;544;FKLPIQKET;10
env;544;LLSGIVQQQ;18
pol;545;KLPIQKETW;13
env;545;LSGIVQQQN;2
pol;546;LPIQKETWE;5
env;546;SGIVQQQNN;4
pol;547;PIQKETWET;13
env;547;GIVQQQNNL;20
pol;548;IQKETWETW;5
env;548;IVQQQNNLL;17
pol;549;QKETWETWW;-1
env;549;VQQQNNLLR;2
pol;550;KETWETWWT;6
env;550;QQQNNLLRA;9
pol;551;ETWETWWTE;6
env;551;QQNNLLRAI;15
pol;552;TWETWWTEY;1
env;552;QNNLLRAIE;4
pol;553;WETWWTEYW;1
env;553;NNLLRAIEA;8
pol;554;ETWWTEYWQ;3
env;554;NLLRAIEAQ;17
pol;555;TWWTEYWQA;5
env;555;LLRAIEAQQ;14
pol;556;WWTEYWQAT;7
env;556;LRAIEAQQH;4
pol;557;WTEYWQATW;6
env;557;RAIEAQQHL;18
pol;558;TEYWQATWI;9
env;558;AIEAQQHLL;20
pol;559;EYWQATWIP;0
env;559;IEAQQHLLQ;5
pol;560;YWQATWIPE;2
env;560;EAQQHLLQL;16
pol;561;WQATWIPEW;9
env;561;AQQHLLQLT;11
pol;562;QATWIPEWE;3
env;562;QQHLLQLTV;14
pol;563;ATWIPEWEF;10
env;563;QHLLQLTVW;6
pol;564;TWIPEWEFV;14
env;564;HLLQLTVWG;17
pol;565;WIPEWEFVN;10
env;565;LLQLTVWGI;25
pol;566;IPEWEFVNT;7
env;566;LQLTVWGIK;4
pol;567;PEWEFVNTP;8
env;567;QLTVWGIKQ;11
pol;568;EWEFVNTPP;-5
env;568;LTVWGIKQL;21
pol;569;WEFVNTPPL;14
env;569;TVWGIKQLQ;7
pol;570;EFVNTPPLV;8
env;570;VWGIKQLQA;7
pol;571;FVNTPPLVK;8
env;571;WGIKQLQAR;7
pol;572;VNTPPLVKL;21
env;572;GIKQLQARI;19
pol;573;NTPPLVKLW;10
env;573;IKQLQARIL;12
pol;574;TPPLVKLWY;1
env;574;KQLQARILA;7
pol;575;PPLVKLWYQ;4
env;575;QLQARILAV;26
pol;576;PLVKLWYQL;19
env;576;LQARILAVE;10
pol;577;LVKLWYQLE;5
env;577;QARILAVER;9
pol;578;VKLWYQLEK;7
env;578;ARILAVERY;8
pol;579;KLWYQLEKE;17
env;579;RILAVERYL;20
pol;580;LWYQLEKEP;5
env;580;ILAVERYLK;15
pol;581;WYQLEKEPI;8
env;581;LAVERYLKD;11
pol;582;YQLEKEPIV;18
env;582;AVERYLKDQ;9
pol;583;QLEKEPIVG;9
env;583;VERYLKDQQ;1
pol;584;LEKEPIVGA;15
env;584;ERYLKDQQL;9
pol;585;EKEPIVGAE;3
env;585;RYLKDQQLL;12
pol;586;KEPIVGAET;9
env;586;YLKDQQLLG;13
pol;587;EPIVGAETF;3
env;587;LKDQQLLGI;16
pol;588;PIVGAETFY;7
env;588;KDQQLLGIW;6
pol;589;IVGAETFYV;18
env;589;DQQLLGIWG;0
pol;590;VGAETFYVD;6
env;590;QQLLGIWGC;9
pol;591;GAETFYVDG;7
env;591;QLLGIWGCS;14
pol;592;AETFYVDGA;10
env;592;LLGIWGCSG;14
pol;593;ETFYVDGAA;6
env;593;LGIWGCSGK;7
pol;594;TFYVDGAAN;4
env;594;GIWGCSGKL;24
pol;595;FYVDGAANR;6
env;595;IWGCSGKLI;9
pol;596;YVDGAANRE;9
env;596;WGCSGKLIC;3
pol;597;VDGAANRET;7
env;597;GCSGKLICT;12
pol;598;DGAANRETK;3
env;598;CSGKLICTT;11
pol;599;GAANRETKL;19
env;599;SGKLICTTA;7
pol;600;AANRETKLG;8
env;600;GKLICTTAV;16
pol;601;ANRETKLGK;6
env;601;KLICTTAVP;17
pol;602;NRETKLGKA;10
env;602;LICTTAVPW;12
pol;603;RETKLGKAG;0
env;603;ICTTAVPWN;6
pol;604;ETKLGKAGY;5
env;604;CTTAVPWNA;7
pol;605;TKLGKAGYV;15
env;605;TTAVPWNAS;9
pol;606;KLGKAGYVT;16
env;606;TAVPWNASW;10
pol;607;LGKAGYVTN;7
env;607;AVPWNASWS;6
pol;608;GKAGYVTNR;10
env;608;VPWNASWSN;4
pol;609;KAGYVTNRG;7
env;609;PWNASWSNK;-2
pol;610;AGYVTNRGR;4
env;610;WNASWSNKS;5
pol;611;GYVTNRGRQ;1
env;611;NASWSNKSL;15
pol;612;YVTNRGRQK;5
env;612;ASWSNKSLE;3
pol;613;VTNRGRQKV;20
env;613;SWSNKSLEQ;6
pol;614;TNRGRQKVV;11
env;614;WSNKSLEQI;13
pol;615;NRGRQKVVT;6
env;615;SNKSLEQIW;2
pol;616;RGRQKVVTL;19
env;616;NKSLEQIWN;0
pol;617;GRQKVVTLT;9
env;617;KSLEQIWNH;9
pol;618;RQKVVTLTD;4
env;618;SLEQIWNHT;16
pol;619;QKVVTLTDT;8
env;619;LEQIWNHTT;9
pol;620;KVVTLTDTT;14
env;620;EQIWNHTTW;1
pol;621;VVTLTDTTN;6
env;621;QIWNHTTWM;15
pol;622;VTLTDTTNQ;9
env;622;IWNHTTWME;5
pol;623;TLTDTTNQK;13
env;623;WNHTTWMEW;2
pol;624;LTDTTNQKT;12
env;624;NHTTWMEWD;-1
pol;625;TDTTNQKTE;0
env;625;HTTWMEWDR;3
pol;626;DTTNQKTEL;14
env;626;TTWMEWDRE;5
pol;627;TTNQKTELQ;8
env;627;TWMEWDREI;13
pol;628;TNQKTELQA;5
env;628;WMEWDREIN;7
pol;629;NQKTELQAI;12
env;629;MEWDREINN;2
pol;630;QKTELQAIY;4
env;630;EWDREINNY;2
pol;631;KTELQAIYL;14
env;631;WDREINNYT;7
pol;632;TELQAIYLA;11
env;632;DREINNYTS;1
pol;633;ELQAIYLAL;19
env;633;REINNYTSL;14
pol;634;LQAIYLALQ;11
env;634;EINNYTSLI;17
pol;635;QAIYLALQD;7
env;635;INNYTSLIH;3
pol;636;AIYLALQDS;15
env;636;NNYTSLIHS;5
pol;637;IYLALQDSG;7
env;637;NYTSLIHSL;17
pol;638;YLALQDSGL;25
env;638;YTSLIHSLI;14
pol;639;LALQDSGLE;8
env;639;TSLIHSLIE;3
pol;640;ALQDSGLEV;26
env;640;SLIHSLIEE;20
pol;641;LQDSGLEVN;8
env;641;LIHSLIEES;17
pol;642;QDSGLEVNI;13
env;642;IHSLIEESQ;4
pol;643;DSGLEVNIV;14
env;643;HSLIEESQN;2
pol;644;SGLEVNIVT;10
env;644;SLIEESQNQ;16
pol;645;GLEVNIVTD;18
env;645;LIEESQNQQ;12
pol;646;LEVNIVTDS;6
env;646;IEESQNQQE;1
pol;647;EVNIVTDSQ;6
env;647;EESQNQQEK;-1
pol;648;VNIVTDSQY;3
env;648;ESQNQQEKN;-1
pol;649;NIVTDSQYA;12
env;649;SQNQQEKNE;2
pol;650;IVTDSQYAL;18
env;650;QNQQEKNEQ;3
pol;651;VTDSQYALG;7
env;651;NQQEKNEQE;3
pol;652;TDSQYALGI;11
env;652;QQEKNEQEL;11
pol;653;DSQYALGII;10
env;653;QEKNEQELL;9
pol;654;SQYALGIIQ;4
env;654;EKNEQELLE;1
pol;655;QYALGIIQA;12
env;655;KNEQELLEL;17
pol;656;YALGIIQAQ;15
env;656;NEQELLELD;7
pol;657;ALGIIQAQP;14
env;657;EQELLELDK;-2
pol;658;LGIIQAQPD;4
env;658;QELLELDKW;8
pol;659;GIIQAQPDQ;12
env;659;ELLELDKWA;15
pol;660;IIQAQPDQS;10
env;660;LLELDKWAS;12
pol;661;IQAQPDQSE;7
env;661;LELDKWASL;20
pol;662;QAQPDQSES;8
env;662;ELDKWASLW;7
pol;663;AQPDQSESE;5
env;663;LDKWASLWN;2
pol;664;QPDQSESEL;12
env;664;DKWASLWNW;4
pol;665;PDQSESELV;7
env;665;KWASLWNWF;5
pol;666;DQSESELVN;2
env;666;WASLWNWFN;4
pol;667;QSESELVNQ;5
env;667;ASLWNWFNI;12
pol;668;SESELVNQI;18
env;668;SLWNWFNIT;18
pol;669;ESELVNQII;4
env;669;LWNWFNITN;6
pol;670;SELVNQIIE;4
env;670;WNWFNITNW;4
pol;671;ELVNQIIEQ;13
env;671;NWFNITNWL;14
pol;672;LVNQIIEQL;21
env;672;WFNITNWLW;1
pol;673;VNQIIEQLI;9
env;673;FNITNWLWY;4
pol;674;NQIIEQLIK;3
env;674;NITNWLWYI;19
pol;675;QIIEQLIKK;18
env;675;ITNWLWYIK;9
pol;676;IIEQLIKKE;15
env;676;TNWLWYIKL;13
pol;677;IEQLIKKEK;3
env;677;NWLWYIKLF;6
pol;678;EQLIKKEKV;12
env;678;WLWYIKLFI;19
pol;679;QLIKKEKVY;12
env;679;LWYIKLFIM;12
pol;680;LIKKEKVYL;21
env;680;WYIKLFIMI;11
pol;681;IKKEKVYLA;13
env;681;YIKLFIMIV;24
pol;682;KKEKVYLAW;2
env;682;IKLFIMIVG;3
pol;683;KEKVYLAWV;17
env;683;KLFIMIVGG;19
pol;684;EKVYLAWVP;-3
env;684;LFIMIVGGL;19
pol;685;KVYLAWVPA;12
env;685;FIMIVGGLV;20
pol;686;VYLAWVPAH;9
env;686;IMIVGGLVG;15
pol;687;YLAWVPAHK;16
env;687;MIVGGLVGL;29
pol;688;LAWVPAHKG;11
env;688;IVGGLVGLR;13
pol;689;AWVPAHKGI;12
env;689;VGGLVGLRI;10
pol;690;WVPAHKGIG;4
env;690;GGLVGLRIV;19
pol;691;VPAHKGIGG;5
env;691;GLVGLRIVF;14
pol;692;PAHKGIGGN;8
env;692;LVGLRIVFA;16
pol;693;AHKGIGGNE;3
env;693;VGLRIVFAV;18
pol;694;HKGIGGNEQ;5
env;694;GLRIVFAVL;23
pol;695;KGIGGNEQV;17
env;695;LRIVFAVLS;7
pol;696;GIGGNEQVD;11
env;696;RIVFAVLSI;22
pol;697;IGGNEQVDK;4
env;697;IVFAVLSIV;21
pol;698;GGNEQVDKL;20
env;698;VFAVLSIVN;4
pol;699;GNEQVDKLV;9
env;699;FAVLSIVNR;11
pol;700;NEQVDKLVS;1
env;700;AVLSIVNRV;23
pol;701;EQVDKLVSA;11
env;701;VLSIVNRVR;11
pol;702;QVDKLVSAG;10
env;702;LSIVNRVRQ;6
pol;703;VDKLVSAGI;11
env;703;SIVNRVRQG;14
pol;704;DKLVSAGIR;1
env;704;IVNRVRQGY;8
pol;705;KLVSAGIRK;11
env;705;VNRVRQGYS;1
pol;706;LVSAGIRKV;24
env;706;NRVRQGYSP;3
pol;707;VSAGIRKVL;14
env;707;RVRQGYSPL;16
pol;708;SAGIRKVLF;8
env;708;VRQGYSPLS;5
pol;709;AGIRKVLFL;20
env;709;RQGYSPLSF;2
pol;710;GIRKVLFLD;13
env;710;QGYSPLSFQ;6
pol;711;IRKVLFLDG;3
env;711;GYSPLSFQT;8
pol;712;RKVLFLDGI;14
env;712;YSPLSFQTH;4
pol;713;KVLFLDGID;7
env;713;SPLSFQTHL;15
pol;714;VLFLDGIDK;12
env;714;PLSFQTHLP;9
pol;715;LFLDGIDKA;17
env;715;LSFQTHLPT;8
pol;716;FLDGIDKAQ;13
env;716;SFQTHLPTP;9
pol;717;LDGIDKAQD;4
env;717;FQTHLPTPR;1
pol;718;DGIDKAQDE;3
env;718;QTHLPTPRG;8
pol;719;GIDKAQDEH;11
env;719;THLPTPRGP;5
pol;720;IDKAQDEHE;1
env;720;HLPTPRGPD;11
pol;721;DKAQDEHEK;4
env;721;LPTPRGPDR;4
pol;722;KAQDEHEKY;8
env;722;PTPRGPDRP;3
pol;723;AQDEHEKYH;3
env;723;TPRGPDRPE;3
pol;724;QDEHEKYHS;0
env;724;PRGPDRPEG;2
pol;725;DEHEKYHSN;5
env;725;RGPDRPEGI;10
pol;726;EHEKYHSNW;-3
env;726;GPDRPEGIE;2
pol;727;HEKYHSNWR;-1
env;727;PDRPEGIEE;1
pol;728;EKYHSNWRA;2
env;728;DRPEGIEEE;9
pol;729;KYHSNWRAM;6
env;729;RPEGIEEEG;3
pol;730;YHSNWRAMA;8
env;730;PEGIEEEGG;-2
pol;731;HSNWRAMAS;2
env;731;EGIEEEGGE;2
pol;732;SNWRAMASD;7
env;732;GIEEEGGER;12
pol;733;NWRAMASDF;0
env;733;IEEEGGERD;5
pol;734;WRAMASDFN;2
env;734;EEEGGERDR;0
pol;735;RAMASDFNL;15
env;735;EEGGERDRD;-1
pol;736;AMASDFNLP;13
env;736;EGGERDRDR;-1
pol;737;MASDFNLPP;7
env;737;GGERDRDRS;0
pol;738;ASDFNLPPV;16
env;738;GERDRDRSI;12
pol;739;SDFNLPPVV;15
env;739;ERDRDRSIR;-3
pol;740;DFNLPPVVA;7
env;740;RDRDRSIRL;11
pol;741;FNLPPVVAK;13
env;741;DRDRSIRLV;13
pol;742;NLPPVVAKE;20
env;742;RDRSIRLVN;1
pol;743;LPPVVAKEI;11
env;743;DRSIRLVNG;5
pol;744;PPVVAKEIV;7
env;744;RSIRLVNGS;9
pol;745;PVVAKEIVA;6
env;745;SIRLVNGSL;22
pol;746;VVAKEIVAS;14
env;746;IRLVNGSLA;8
pol;747;VAKEIVASC;14
env;747;RLVNGSLAL;24
pol;748;AKEIVASCD;1
env;748;LVNGSLALI;23
pol;749;KEIVASCDK;3
env;749;VNGSLALIW;3
pol;750;EIVASCDKC;7
env;750;NGSLALIWD;4
pol;751;IVASCDKCQ;7
env;751;GSLALIWDD;8
pol;752;VASCDKCQL;15
env;752;SLALIWDDL;24
pol;753;ASCDKCQLK;4
env;753;LALIWDDLR;8
pol;754;SCDKCQLKG;5
env;754;ALIWDDLRS;15
pol;755;CDKCQLKGE;3
env;755;LIWDDLRSL;28
pol;756;DKCQLKGEA;6
env;756;IWDDLRSLC;4
pol;757;KCQLKGEAM;7
env;757;WDDLRSLCL;11
pol;758;CQLKGEAMH;6
env;758;DDLRSLCLF;5
pol;759;QLKGEAMHG;11
env;759;DLRSLCLFS;11
pol;760;LKGEAMHGQ;6
env;760;LRSLCLFSY;8
pol;761;KGEAMHGQV;10
env;761;RSLCLFSYH;3
pol;762;GEAMHGQVD;3
env;762;SLCLFSYHR;14
pol;763;EAMHGQVDC;6
env;763;LCLFSYHRL;14
pol;764;AMHGQVDCS;16
env;764;CLFSYHRLR;12
pol;765;MHGQVDCSP;2
env;765;LFSYHRLRD;2
pol;766;HGQVDCSPG;0
env;766;FSYHRLRDL;16
pol;767;GQVDCSPGI;12
env;767;SYHRLRDLL;13
pol;768;QVDCSPGIW;4
env;768;YHRLRDLLL;13
pol;769;VDCSPGIWQ;2
env;769;HRLRDLLLI;15
pol;770;DCSPGIWQL;17
env;770;RLRDLLLIV;27
pol;771;CSPGIWQLD;2
env;771;LRDLLLIVT;11
pol;772;SPGIWQLDC;3
env;772;RDLLLIVTR;11
pol;773;PGIWQLDCT;7
env;773;DLLLIVTRI;23
pol;774;GIWQLDCTH;13
env;774;LLLIVTRIV;26
pol;775;IWQLDCTHL;12
env;775;LLIVTRIVE;14
pol;776;WQLDCTHLE;6
env;776;LIVTRIVEL;28
pol;777;QLDCTHLEG;13
env;777;IVTRIVELL;19
pol;778;LDCTHLEGK;7
env;778;VTRIVELLG;6
pol;779;DCTHLEGKV;11
env;779;TRIVELLGR;8
pol;780;CTHLEGKVI;11
env;780;RIVELLGRR;15
pol;781;THLEGKVIL;18
env;781;IVELLGRRG;6
pol;782;HLEGKVILV;26
env;782;VELLGRRGW;6
pol;783;LEGKVILVA;11
env;783;ELLGRRGWE;11
pol;784;EGKVILVAV;13
env;784;LLGRRGWEA;18
pol;785;GKVILVAVH;8
env;785;LGRRGWEAL;15
pol;786;KVILVAVHV;19
env;786;GRRGWEALK;5
pol;787;VILVAVHVA;20
env;787;RRGWEALKY;3
pol;788;ILVAVHVAS;15
env;788;RGWEALKYW;6
pol;789;LVAVHVASG;16
env;789;GWEALKYWW;2
pol;790;VAVHVASGY;6
env;790;WEALKYWWN;3
pol;791;AVHVASGYI;14
env;791;EALKYWWNL;14
pol;792;VHVASGYIE;2
env;792;ALKYWWNLL;21
pol;793;HVASGYIEA;14
env;793;LKYWWNLLQ;4
pol;794;VASGYIEAE;13
env;794;KYWWNLLQY;7
pol;795;ASGYIEAEV;15
env;795;YWWNLLQYW;8
pol;796;SGYIEAEVI;11
env;796;WWNLLQYWS;3
pol;797;GYIEAEVIP;7
env;797;WNLLQYWSQ;4
pol;798;YIEAEVIPA;17
env;798;NLLQYWSQE;13
pol;799;IEAEVIPAE;12
env;799;LLQYWSQEL;23
pol;800;EAEVIPAET;8
env;800;LQYWSQELK;3
pol;801;AEVIPAETG;5
env;801;QYWSQELKN;4
pol;802;EVIPAETGQ;6
env;802;YWSQELKNS;5
pol;803;VIPAETGQE;11
env;803;WSQELKNSA;10
pol;804;IPAETGQET;12
env;804;SQELKNSAV;13
pol;805;PAETGQETA;8
env;805;QELKNSAVS;4
pol;806;AETGQETAY;4
env;806;ELKNSAVSL;20
pol;807;ETGQETAYF;5
env;807;LKNSAVSLL;17
pol;808;TGQETAYFL;13
env;808;KNSAVSLLN;2
pol;809;GQETAYFLL;10
env;809;NSAVSLLNA;11
pol;810;QETAYFLLK;1
env;810;SAVSLLNAT;17
pol;811;ETAYFLLKL;20
env;811;AVSLLNATA;15
pol;812;TAYFLLKLA;12
env;812;VSLLNATAI;12
pol;813;AYFLLKLAG;6
env;813;SLLNATAIA;22
pol;814;YFLLKLAGR;12
env;814;LLNATAIAV;24
pol;815;FLLKLAGRW;14
env;815;LNATAIAVA;14
pol;816;LLKLAGRWP;11
env;816;NATAIAVAE;6
pol;817;LKLAGRWPV;16
env;817;ATAIAVAEG;16
pol;818;KLAGRWPVK;16
env;818;TAIAVAEGT;11
pol;819;LAGRWPVKT;14
env;819;AIAVAEGTD;14
pol;820;AGRWPVKTI;16
env;820;IAVAEGTDR;6
pol;821;GRWPVKTIH;4
env;821;AVAEGTDRV;24
pol;822;RWPVKTIHT;7
env;822;VAEGTDRVI;14
pol;823;WPVKTIHTD;7
env;823;AEGTDRVIE;4
pol;824;PVKTIHTDN;0
env;824;EGTDRVIEV;13
pol;825;VKTIHTDNG;2
env;825;GTDRVIEVV;19
pol;826;KTIHTDNGS;9
env;826;TDRVIEVVQ;2
pol;827;TIHTDNGSN;10
env;827;DRVIEVVQG;5
pol;828;IHTDNGSNF;2
env;828;RVIEVVQGA;17
pol;829;HTDNGSNFT;11
env;829;VIEVVQGAC;9
pol;830;TDNGSNFTG;5
env;830;IEVVQGACR;4
pol;831;DNGSNFTGA;4
env;831;EVVQGACRA;7
pol;832;NGSNFTGAT;8
env;832;VVQGACRAI;16
pol;833;GSNFTGATV;15
env;833;VQGACRAIR;3
pol;834;SNFTGATVR;5
env;834;QGACRAIRH;2
pol;835;NFTGATVRA;9
env;835;GACRAIRHI;17
pol;836;FTGATVRAA;14
env;836;ACRAIRHIP;3
pol;837;TGATVRAAC;5
env;837;CRAIRHIPR;2
pol;838;GATVRAACW;6
env;838;RAIRHIPRR;11
pol;839;ATVRAACWW;6
env;839;AIRHIPRRI;18
pol;840;TVRAACWWA;8
env;840;IRHIPRRIR;3
pol;841;VRAACWWAG;4
env;841;RHIPRRIRQ;4
pol;842;RAACWWAGI;17
env;842;HIPRRIRQG;12
pol;843;AACWWAGIK;6
env;843;IPRRIRQGL;13
pol;844;ACWWAGIKQ;5
env;844;PRRIRQGLE;-3
pol;845;CWWAGIKQE;6
env;845;RRIRQGLER;5
pol;846;WWAGIKQEF;6
env;846;RIRQGLERI;22
pol;847;WAGIKQEFG;5
env;847;IRQGLERIL;15
pol;848;AGIKQEFGI;13
env;848;RQGLERILL;10
pol;849;GIKQEFGIP;8
pol;850;IKQEFGIPY;5
pol;851;KQEFGIPYN;6
pol;852;QEFGIPYNP;4
pol;853;EFGIPYNPQ;-1
pol;854;FGIPYNPQS;7
pol;855;GIPYNPQSQ;10
pol;856;IPYNPQSQG;4
pol;857;PYNPQSQGV;11
pol;858;YNPQSQGVV;12
pol;859;NPQSQGVVE;2
pol;860;PQSQGVVES;7
pol;861;QSQGVVESM;12
pol;862;SQGVVESMN;2
pol;863;QGVVESMNK;0
pol;864;GVVESMNKE;10
pol;865;VVESMNKEL;15
pol;866;VESMNKELK;1
pol;867;ESMNKELKK;2
pol;868;SMNKELKKI;24
pol;869;MNKELKKII;9
pol;870;NKELKKIIG;0
pol;871;KELKKIIGQ;9
pol;872;ELKKIIGQV;20
pol;873;LKKIIGQVR;1
pol;874;KKIIGQVRD;7
pol;875;KIIGQVRDQ;17
pol;876;IIGQVRDQA;14
pol;877;IGQVRDQAE;3
pol;878;GQVRDQAEH;5
pol;879;QVRDQAEHL;15
pol;880;VRDQAEHLK;2
pol;881;RDQAEHLKT;7
pol;882;DQAEHLKTA;12
pol;883;QAEHLKTAV;15
pol;884;AEHLKTAVQ;7
pol;885;EHLKTAVQM;5
pol;886;HLKTAVQMA;17
pol;887;LKTAVQMAV;12
pol;888;KTAVQMAVF;9
pol;889;TAVQMAVFI;14
pol;890;AVQMAVFIH;10
pol;891;VQMAVFIHN;2
pol;892;QMAVFIHNF;16
pol;893;MAVFIHNFK;4
pol;894;AVFIHNFKR;9
pol;895;VFIHNFKRK;2
pol;896;FIHNFKRKG;12
pol;897;IHNFKRKGG;3
pol;898;HNFKRKGGI;10
pol;899;NFKRKGGIG;0
pol;900;FKRKGGIGG;4
pol;901;KRKGGIGGY;9
pol;902;RKGGIGGYS;2
pol;903;KGGIGGYSA;10
pol;904;GGIGGYSAG;8
pol;905;GIGGYSAGE;15
pol;906;IGGYSAGER;3
pol;907;GGYSAGERI;10
pol;908;GYSAGERIV;13
pol;909;YSAGERIVD;6
pol;910;SAGERIVDI;22
pol;911;AGERIVDII;13
pol;912;GERIVDIIA;5
pol;913;ERIVDIIAT;8
pol;914;RIVDIIATD;17
pol;915;IVDIIATDI;14
pol;916;VDIIATDIQ;5
pol;917;DIIATDIQT;13
pol;918;IIATDIQTK;18
pol;919;IATDIQTKE;8
pol;920;ATDIQTKEL;19
pol;921;TDIQTKELQ;2
pol;922;DIQTKELQK;9
pol;923;IQTKELQKQ;7
pol;924;QTKELQKQI;13
pol;925;TKELQKQIT;3
pol;926;KELQKQITK;6
pol;927;ELQKQITKI;21
pol;928;LQKQITKIQ;2
pol;929;QKQITKIQN;0
pol;930;KQITKIQNF;8
pol;931;QITKIQNFR;8
pol;932;ITKIQNFRV;15
pol;933;TKIQNFRVY;2
pol;934;KIQNFRVYY;12
pol;935;IQNFRVYYR;7
pol;936;QNFRVYYRD;2
pol;937;NFRVYYRDS;1
pol;938;FRVYYRDSR;3
pol;939;RVYYRDSRN;4
pol;940;VYYRDSRNP;2
pol;941;YYRDSRNPL;14
pol;942;YRDSRNPLW;3
pol;943;RDSRNPLWK;1
pol;944;DSRNPLWKG;6
pol;945;SRNPLWKGP;6
pol;946;RNPLWKGPA;4
pol;947;NPLWKGPAK;5
pol;948;PLWKGPAKL;24
pol;949;LWKGPAKLL;13
pol;950;WKGPAKLLW;3
pol;951;KGPAKLLWK;7
pol;952;GPAKLLWKG;10
pol;953;PAKLLWKGE;1
pol;954;AKLLWKGEG;6
pol;955;KLLWKGEGA;19
pol;956;LLWKGEGAV;26
pol;957;LWKGEGAVV;15
pol;958;WKGEGAVVI;14
pol;959;KGEGAVVIQ;8
pol;960;GEGAVVIQD;5
pol;961;EGAVVIQDN;3
pol;962;GAVVIQDNS;5
pol;963;AVVIQDNSD;9
pol;964;VVIQDNSDI;15
pol;965;VIQDNSDIK;10
pol;966;IQDNSDIKV;14
pol;967;QDNSDIKVV;14
pol;968;DNSDIKVVP;2
pol;969;NSDIKVVPR;7
pol;970;SDIKVVPRR;9
pol;971;DIKVVPRRK;6
pol;972;IKVVPRRKA;9
pol;973;KVVPRRKAK;7
pol;974;VVPRRKAKI;17
pol;975;VPRRKAKII;9
pol;976;PRRKAKIIR;-3
pol;977;RRKAKIIRD;4
pol;978;RKAKIIRDY;6
pol;979;KAKIIRDYG;4
pol;980;AKIIRDYGK;6
pol;981;KIIRDYGKQ;13
pol;982;IIRDYGKQM;15
pol;983;IRDYGKQMA;7
pol;984;RDYGKQMAG;5
pol;985;DYGKQMAGD;2
pol;986;YGKQMAGDD;1
pol;987;GKQMAGDDC;1
pol;988;KQMAGDDCV;14
pol;989;QMAGDDCVA;16
pol;990;MAGDDCVAS;8
pol;991;AGDDCVASR;11
pol;992;GDDCVASRQ;1
pol;993;DDCVASRQD;-1
pol;994;DCVASRQDE;-1
pol;995;CVASRQDED;8